Workbook

Sheet Summary
B2: Testing to scaling creative report (new content added to testing since 1 Jan 2026)
B4: Data through
B5: As-of date | C5: 46320
B6: Report window start | C6: 46023
B7: Min spend in winning campaigns to count as scaled (INR) | C7: 5000
B8: Recent launch cut off (days) for the matured view | C8: 14
B10: Headline metrics
B11: New content pieces added to testing | C11: =COUNTA(Creatives!$A$2:$A$264) -> 263
B12: Moved to scaling | C12: =COUNTIF(Creatives!$Q$2:$Q$264,"Yes") -> 59
B13: Scale rate (moved to scaling / added) | C13: =IFERROR(C12/C11,0) -> 0.2243346
B14: Added at least 14 days ago (matured cohort) | C14: =COUNTIF(Creatives!$G$2:$G$264,">="&C8) -> 237
B15: Of those, moved to scaling | C15: =COUNTIFS(Creatives!$G$2:$G$264,">="&C8,Creatives!$Q$2:$Q$264,"Yes") -> 58
B16: Scale rate, matured cohort | C16: =IFERROR(C15/C14,0) -> 0.24472574
B17: Avg days from testing launch to scaling | C17: =IFERROR(AVERAGEIF(Creatives!$Q$2:$Q$264,"Yes",Creatives!$S$2:$S$264),0) -> 13.20339
B18: Total testing spend (INR) | C18: =SUM(Creatives!$H$2:$H$264) -> 2097022.3
B19: Testing spend per new piece (INR) | C19: =IFERROR(C18/C11,0) -> 7973.4687
B20: Testing spend on pieces that scaled (INR) | C20: =SUMIF(Creatives!$Q$2:$Q$264,"Yes",Creatives!$H$2:$H$264) -> 600902.79
B21: Total spend in scaling campaigns on those pieces (INR) | C21: =SUM(Creatives!$U$2:$U$264) -> 7316800.8
B22: Cost per appointment in testing, scaled pieces (INR) | C22: =IFERROR(SUMIF(Creatives!$Q$2:$Q$264,"Yes",Creatives!$H$2:$H$264)/SUMIF(Creatives!$Q$2:$Q$264,"Yes",Creatives!$O$2:$O$264),0) -> 3414.2204
B23: Cost per appointment in testing, not scaled pieces (INR) | C23: =IFERROR(SUMIF(Creatives!$Q$2:$Q$264,"No",Creatives!$H$2:$H$264)/SUMIF(Creatives!$Q$2:$Q$264,"No",Creatives!$O$2:$O$264),0) -> 4479.3996
B24: Testing CTR, scaled pieces | C24: =IFERROR(SUMIF(Creatives!$Q$2:$Q$264,"Yes",Creatives!$J$2:$J$264)/SUMIF(Creatives!$Q$2:$Q$264,"Yes",Creatives!$I$2:$I$264),0) -> 0.025282413
B25: Testing CTR, not scaled pieces | C25: =IFERROR(SUMIF(Creatives!$Q$2:$Q$264,"No",Creatives!$J$2:$J$264)/SUMIF(Creatives!$Q$2:$Q$264,"No",Creatives!$I$2:$I$264),0) -> 0.00093054216
B26: Testing hook rate, scaled pieces | C26: =IFERROR(SUMIF(Creatives!$Q$2:$Q$264,"Yes",Creatives!$K$2:$K$264)/SUMIF(Creatives!$Q$2:$Q$264,"Yes",Creatives!$I$2:$I$264),0) -> 0.22942287
B27: Testing hook rate, not scaled pieces | C27: =IFERROR(SUMIF(Creatives!$Q$2:$Q$264,"No",Creatives!$K$2:$K$264)/SUMIF(Creatives!$Q$2:$Q$264,"No",Creatives!$I$2:$I$264),0) -> 0.064594849
B28: Testing CPM, scaled pieces (INR) | C28: =IFERROR(SUMIF(Creatives!$Q$2:$Q$264,"Yes",Creatives!$H$2:$H$264)/SUMIF(Creatives!$Q$2:$Q$264,"Yes",Creatives!$I$2:$I$264)*1000,0) -> 68.006932
B29: Testing CPM, not scaled pieces (INR) | C29: =IFERROR(SUMIF(Creatives!$Q$2:$Q$264,"No",Creatives!$H$2:$H$264)/SUMIF(Creatives!$Q$2:$Q$264,"No",Creatives!$I$2:$I$264)*1000,0) -> 23.616662
B31: By launch month (cohort view)
B32: Launch month | C32: New pieces added | D32: Moved to scaling | E32: Scale rate | F32: Avg days to scale | G32: Testing spend (INR) | H32: Testing spend per piece (INR) | I32: Testing CTR | J32: Testing hook rate | K32: Testing CPM (INR) | L32: Testing appointments | M32: Cost per appointment (INR) | N32: Scaling spend on these pieces (INR)
B33: 2026-01 | C33: =COUNTIF(Creatives!$C$2:$C$264,B33) -> 0 | D33: =COUNTIFS(Creatives!$C$2:$C$264,B33,Creatives!$Q$2:$Q$264,"Yes") -> 0 | E33: =IFERROR(D33/C33,0) -> 0 | F33: =IFERROR(AVERAGEIFS(Creatives!$S$2:$S$264,Creatives!$C$2:$C$264,B33,Creatives!$Q$2:$Q$264,"Yes"),0) -> 0 | G33: =SUMIF(Creatives!$C$2:$C$264,B33,Creatives!$H$2:$H$264) -> 0 | H33: =IFERROR(G33/C33,0) -> 0 | I33: =IFERROR(SUMIF(Creatives!$C$2:$C$264,B33,Creatives!$J$2:$J$264)/SUMIF(Creatives!$C$2:$C$264,B33,Creatives!$I$2:$I$264),0) -> 0 | J33: =IFERROR(SUMIF(Creatives!$C$2:$C$264,B33,Creatives!$K$2:$K$264)/SUMIF(Creatives!$C$2:$C$264,B33,Creatives!$I$2:$I$264),0) -> 0 | K33: =IFERROR(G33/SUMIF(Creatives!$C$2:$C$264,B33,Creatives!$I$2:$I$264)*1000,0) -> 0 | L33: =SUMIF(Creatives!$C$2:$C$264,B33,Creatives!$O$2:$O$264) -> 0 | M33: =IFERROR(G33/L33,0) -> 0 | N33: =SUMIF(Creatives!$C$2:$C$264,B33,Creatives!$U$2:$U$264) -> 0
B34: 2026-02 | C34: =COUNTIF(Creatives!$C$2:$C$264,B34) -> 8 | D34: =COUNTIFS(Creatives!$C$2:$C$264,B34,Creatives!$Q$2:$Q$264,"Yes") -> 0 | E34: =IFERROR(D34/C34,0) -> 0 | F34: =IFERROR(AVERAGEIFS(Creatives!$S$2:$S$264,Creatives!$C$2:$C$264,B34,Creatives!$Q$2:$Q$264,"Yes"),0) -> 0 | G34: =SUMIF(Creatives!$C$2:$C$264,B34,Creatives!$H$2:$H$264) -> 191071.19 | H34: =IFERROR(G34/C34,0) -> 23883.899 | I34: =IFERROR(SUMIF(Creatives!$C$2:$C$264,B34,Creatives!$J$2:$J$264)/SUMIF(Creatives!$C$2:$C$264,B34,Creatives!$I$2:$I$264),0) -> 0.0046684652 | J34: =IFERROR(SUMIF(Creatives!$C$2:$C$264,B34,Creatives!$K$2:$K$264)/SUMIF(Creatives!$C$2:$C$264,B34,Creatives!$I$2:$I$264),0) -> 0.12801702 | K34: =IFERROR(G34/SUMIF(Creatives!$C$2:$C$264,B34,Creatives!$I$2:$I$264)*1000,0) -> 136.76927 | L34: =SUMIF(Creatives!$C$2:$C$264,B34,Creatives!$O$2:$O$264) -> 33 | M34: =IFERROR(G34/L34,0) -> 5790.0361 | N34: =SUMIF(Creatives!$C$2:$C$264,B34,Creatives!$U$2:$U$264) -> 0
B35: 2026-03 | C35: =COUNTIF(Creatives!$C$2:$C$264,B35) -> 19 | D35: =COUNTIFS(Creatives!$C$2:$C$264,B35,Creatives!$Q$2:$Q$264,"Yes") -> 10 | E35: =IFERROR(D35/C35,0) -> 0.52631579 | F35: =IFERROR(AVERAGEIFS(Creatives!$S$2:$S$264,Creatives!$C$2:$C$264,B35,Creatives!$Q$2:$Q$264,"Yes"),0) -> 12.4 | G35: =SUMIF(Creatives!$C$2:$C$264,B35,Creatives!$H$2:$H$264) -> 240171.86 | H35: =IFERROR(G35/C35,0) -> 12640.624 | I35: =IFERROR(SUMIF(Creatives!$C$2:$C$264,B35,Creatives!$J$2:$J$264)/SUMIF(Creatives!$C$2:$C$264,B35,Creatives!$I$2:$I$264),0) -> 0.027687393 | J35: =IFERROR(SUMIF(Creatives!$C$2:$C$264,B35,Creatives!$K$2:$K$264)/SUMIF(Creatives!$C$2:$C$264,B35,Creatives!$I$2:$I$264),0) -> 0.22981556 | K35: =IFERROR(G35/SUMIF(Creatives!$C$2:$C$264,B35,Creatives!$I$2:$I$264)*1000,0) -> 30.816759 | L35: =SUMIF(Creatives!$C$2:$C$264,B35,Creatives!$O$2:$O$264) -> 45 | M35: =IFERROR(G35/L35,0) -> 5337.1524 | N35: =SUMIF(Creatives!$C$2:$C$264,B35,Creatives!$U$2:$U$264) -> 2286157.6
B36: 2026-04 | C36: =COUNTIF(Creatives!$C$2:$C$264,B36) -> 28 | D36: =COUNTIFS(Creatives!$C$2:$C$264,B36,Creatives!$Q$2:$Q$264,"Yes") -> 9 | E36: =IFERROR(D36/C36,0) -> 0.32142857 | F36: =IFERROR(AVERAGEIFS(Creatives!$S$2:$S$264,Creatives!$C$2:$C$264,B36,Creatives!$Q$2:$Q$264,"Yes"),0) -> 29.333333 | G36: =SUMIF(Creatives!$C$2:$C$264,B36,Creatives!$H$2:$H$264) -> 163533.03 | H36: =IFERROR(G36/C36,0) -> 5840.4654 | I36: =IFERROR(SUMIF(Creatives!$C$2:$C$264,B36,Creatives!$J$2:$J$264)/SUMIF(Creatives!$C$2:$C$264,B36,Creatives!$I$2:$I$264),0) -> 0.0062469045 | J36: =IFERROR(SUMIF(Creatives!$C$2:$C$264,B36,Creatives!$K$2:$K$264)/SUMIF(Creatives!$C$2:$C$264,B36,Creatives!$I$2:$I$264),0) -> 0.19391285 | K36: =IFERROR(G36/SUMIF(Creatives!$C$2:$C$264,B36,Creatives!$I$2:$I$264)*1000,0) -> 304.49336 | L36: =SUMIF(Creatives!$C$2:$C$264,B36,Creatives!$O$2:$O$264) -> 39 | M36: =IFERROR(G36/L36,0) -> 4193.1546 | N36: =SUMIF(Creatives!$C$2:$C$264,B36,Creatives!$U$2:$U$264) -> 702229.68
B37: 2026-05 | C37: =COUNTIF(Creatives!$C$2:$C$264,B37) -> 52 | D37: =COUNTIFS(Creatives!$C$2:$C$264,B37,Creatives!$Q$2:$Q$264,"Yes") -> 7 | E37: =IFERROR(D37/C37,0) -> 0.13461538 | F37: =IFERROR(AVERAGEIFS(Creatives!$S$2:$S$264,Creatives!$C$2:$C$264,B37,Creatives!$Q$2:$Q$264,"Yes"),0) -> 6 | G37: =SUMIF(Creatives!$C$2:$C$264,B37,Creatives!$H$2:$H$264) -> 557075.66 | H37: =IFERROR(G37/C37,0) -> 10712.993 | I37: =IFERROR(SUMIF(Creatives!$C$2:$C$264,B37,Creatives!$J$2:$J$264)/SUMIF(Creatives!$C$2:$C$264,B37,Creatives!$I$2:$I$264),0) -> 0.00061461617 | J37: =IFERROR(SUMIF(Creatives!$C$2:$C$264,B37,Creatives!$K$2:$K$264)/SUMIF(Creatives!$C$2:$C$264,B37,Creatives!$I$2:$I$264),0) -> 0.058410249 | K37: =IFERROR(G37/SUMIF(Creatives!$C$2:$C$264,B37,Creatives!$I$2:$I$264)*1000,0) -> 9.2966876 | L37: =SUMIF(Creatives!$C$2:$C$264,B37,Creatives!$O$2:$O$264) -> 85 | M37: =IFERROR(G37/L37,0) -> 6553.8313 | N37: =SUMIF(Creatives!$C$2:$C$264,B37,Creatives!$U$2:$U$264) -> 606307.36
B38: 2026-06 | C38: =COUNTIF(Creatives!$C$2:$C$264,B38) -> 35 | D38: =COUNTIFS(Creatives!$C$2:$C$264,B38,Creatives!$Q$2:$Q$264,"Yes") -> 10 | E38: =IFERROR(D38/C38,0) -> 0.28571429 | F38: =IFERROR(AVERAGEIFS(Creatives!$S$2:$S$264,Creatives!$C$2:$C$264,B38,Creatives!$Q$2:$Q$264,"Yes"),0) -> 10.6 | G38: =SUMIF(Creatives!$C$2:$C$264,B38,Creatives!$H$2:$H$264) -> 359093.82 | H38: =IFERROR(G38/C38,0) -> 10259.823 | I38: =IFERROR(SUMIF(Creatives!$C$2:$C$264,B38,Creatives!$J$2:$J$264)/SUMIF(Creatives!$C$2:$C$264,B38,Creatives!$I$2:$I$264),0) -> 0.0065149436 | J38: =IFERROR(SUMIF(Creatives!$C$2:$C$264,B38,Creatives!$K$2:$K$264)/SUMIF(Creatives!$C$2:$C$264,B38,Creatives!$I$2:$I$264),0) -> 0.19195454 | K38: =IFERROR(G38/SUMIF(Creatives!$C$2:$C$264,B38,Creatives!$I$2:$I$264)*1000,0) -> 273.84713 | L38: =SUMIF(Creatives!$C$2:$C$264,B38,Creatives!$O$2:$O$264) -> 108 | M38: =IFERROR(G38/L38,0) -> 3324.9428 | N38: =SUMIF(Creatives!$C$2:$C$264,B38,Creatives!$U$2:$U$264) -> 1329009.5
B39: 2026-07 | C39: =COUNTIF(Creatives!$C$2:$C$264,B39) -> 24 | D39: =COUNTIFS(Creatives!$C$2:$C$264,B39,Creatives!$Q$2:$Q$264,"Yes") -> 8 | E39: =IFERROR(D39/C39,0) -> 0.33333333 | F39: =IFERROR(AVERAGEIFS(Creatives!$S$2:$S$264,Creatives!$C$2:$C$264,B39,Creatives!$Q$2:$Q$264,"Yes"),0) -> 15.5 | G39: =SUMIF(Creatives!$C$2:$C$264,B39,Creatives!$H$2:$H$264) -> 124789.85 | H39: =IFERROR(G39/C39,0) -> 5199.5771 | I39: =IFERROR(SUMIF(Creatives!$C$2:$C$264,B39,Creatives!$J$2:$J$264)/SUMIF(Creatives!$C$2:$C$264,B39,Creatives!$I$2:$I$264),0) -> 0.0096731466 | J39: =IFERROR(SUMIF(Creatives!$C$2:$C$264,B39,Creatives!$K$2:$K$264)/SUMIF(Creatives!$C$2:$C$264,B39,Creatives!$I$2:$I$264),0) -> 0.28145357 | K39: =IFERROR(G39/SUMIF(Creatives!$C$2:$C$264,B39,Creatives!$I$2:$I$264)*1000,0) -> 376.51607 | L39: =SUMIF(Creatives!$C$2:$C$264,B39,Creatives!$O$2:$O$264) -> 45 | M39: =IFERROR(G39/L39,0) -> 2773.1078 | N39: =SUMIF(Creatives!$C$2:$C$264,B39,Creatives!$U$2:$U$264) -> 941152.49
B40: 2026-08 | C40: =COUNTIF(Creatives!$C$2:$C$264,B40) -> 31 | D40: =COUNTIFS(Creatives!$C$2:$C$264,B40,Creatives!$Q$2:$Q$264,"Yes") -> 6 | E40: =IFERROR(D40/C40,0) -> 0.19354839 | F40: =IFERROR(AVERAGEIFS(Creatives!$S$2:$S$264,Creatives!$C$2:$C$264,B40,Creatives!$Q$2:$Q$264,"Yes"),0) -> 6.6666667 | G40: =SUMIF(Creatives!$C$2:$C$264,B40,Creatives!$H$2:$H$264) -> 132839.82 | H40: =IFERROR(G40/C40,0) -> 4285.1555 | I40: =IFERROR(SUMIF(Creatives!$C$2:$C$264,B40,Creatives!$J$2:$J$264)/SUMIF(Creatives!$C$2:$C$264,B40,Creatives!$I$2:$I$264),0) -> 0.0095550057 | J40: =IFERROR(SUMIF(Creatives!$C$2:$C$264,B40,Creatives!$K$2:$K$264)/SUMIF(Creatives!$C$2:$C$264,B40,Creatives!$I$2:$I$264),0) -> 0.22475265 | K40: =IFERROR(G40/SUMIF(Creatives!$C$2:$C$264,B40,Creatives!$I$2:$I$264)*1000,0) -> 468.89 | L40: =SUMIF(Creatives!$C$2:$C$264,B40,Creatives!$O$2:$O$264) -> 61 | M40: =IFERROR(G40/L40,0) -> 2177.702 | N40: =SUMIF(Creatives!$C$2:$C$264,B40,Creatives!$U$2:$U$264) -> 768928.99
B41: 2026-09 | C41: =COUNTIF(Creatives!$C$2:$C$264,B41) -> 31 | D41: =COUNTIFS(Creatives!$C$2:$C$264,B41,Creatives!$Q$2:$Q$264,"Yes") -> 7 | E41: =IFERROR(D41/C41,0) -> 0.22580645 | F41: =IFERROR(AVERAGEIFS(Creatives!$S$2:$S$264,Creatives!$C$2:$C$264,B41,Creatives!$Q$2:$Q$264,"Yes"),0) -> 8.8571429 | G41: =SUMIF(Creatives!$C$2:$C$264,B41,Creatives!$H$2:$H$264) -> 143533.55 | H41: =IFERROR(G41/C41,0) -> 4630.1145 | I41: =IFERROR(SUMIF(Creatives!$C$2:$C$264,B41,Creatives!$J$2:$J$264)/SUMIF(Creatives!$C$2:$C$264,B41,Creatives!$I$2:$I$264),0) -> 0.009278315 | J41: =IFERROR(SUMIF(Creatives!$C$2:$C$264,B41,Creatives!$K$2:$K$264)/SUMIF(Creatives!$C$2:$C$264,B41,Creatives!$I$2:$I$264),0) -> 0.22044525 | K41: =IFERROR(G41/SUMIF(Creatives!$C$2:$C$264,B41,Creatives!$I$2:$I$264)*1000,0) -> 550.0824 | L41: =SUMIF(Creatives!$C$2:$C$264,B41,Creatives!$O$2:$O$264) -> 41 | M41: =IFERROR(G41/L41,0) -> 3500.8183 | N41: =SUMIF(Creatives!$C$2:$C$264,B41,Creatives!$U$2:$U$264) -> 567548.31
B42: 2026-10 | C42: =COUNTIF(Creatives!$C$2:$C$264,B42) -> 35 | D42: =COUNTIFS(Creatives!$C$2:$C$264,B42,Creatives!$Q$2:$Q$264,"Yes") -> 2 | E42: =IFERROR(D42/C42,0) -> 0.057142857 | F42: =IFERROR(AVERAGEIFS(Creatives!$S$2:$S$264,Creatives!$C$2:$C$264,B42,Creatives!$Q$2:$Q$264,"Yes"),0) -> 8.5 | G42: =SUMIF(Creatives!$C$2:$C$264,B42,Creatives!$H$2:$H$264) -> 184913.49 | H42: =IFERROR(G42/C42,0) -> 5283.2426 | I42: =IFERROR(SUMIF(Creatives!$C$2:$C$264,B42,Creatives!$J$2:$J$264)/SUMIF(Creatives!$C$2:$C$264,B42,Creatives!$I$2:$I$264),0) -> 0.008517639 | J42: =IFERROR(SUMIF(Creatives!$C$2:$C$264,B42,Creatives!$K$2:$K$264)/SUMIF(Creatives!$C$2:$C$264,B42,Creatives!$I$2:$I$264),0) -> 0.2258705 | K42: =IFERROR(G42/SUMIF(Creatives!$C$2:$C$264,B42,Creatives!$I$2:$I$264)*1000,0) -> 529.06495 | L42: =SUMIF(Creatives!$C$2:$C$264,B42,Creatives!$O$2:$O$264) -> 53 | M42: =IFERROR(G42/L42,0) -> 3488.9338 | N42: =SUMIF(Creatives!$C$2:$C$264,B42,Creatives!$U$2:$U$264) -> 115466.84
B43: Total | C43: =SUM(C33:C42) -> 263 | D43: =SUM(D33:D42) -> 59 | E43: =IFERROR(D43/C43,0) -> 0.2243346 | F43: =C17 -> 13.20339 | G43: =SUM(G33:G42) -> 2097022.3 | H43: =IFERROR(G43/C43,0) -> 7973.4687 | I43: =IFERROR(SUM(Creatives!$J$2:$J$264)/SUM(Creatives!$I$2:$I$264),0) -> 0.0039113224 | J43: =IFERROR(SUM(Creatives!$K$2:$K$264)/SUM(Creatives!$I$2:$I$264),0) -> 0.084770552 | K43: =IFERROR(G43/SUM(Creatives!$I$2:$I$264)*1000,0) -> 29.050234 | L43: =SUM(L33:L42) -> 510 | M43: =IFERROR(G43/L43,0) -> 4111.8084 | N43: =SUM(N33:N42) -> 7316800.8
B45: By testing campaign
B46: Testing campaign | C46: New pieces added | D46: Moved to scaling | E46: Scale rate | F46: Testing spend (INR) | G46: Testing CTR | H46: Testing hook rate | I46: Testing CPM (INR) | J46: Testing appointments | K46: Cost per appointment (INR)
B47: Testing _Mumbai_ABO_ Campaign | C47: =COUNTIF(Creatives!$D$2:$D$264,B47) -> 254 | D47: =COUNTIFS(Creatives!$D$2:$D$264,B47,Creatives!$Q$2:$Q$264,"Yes") -> 59 | E47: =IFERROR(D47/C47,0) -> 0.23228346 | F47: =SUMIF(Creatives!$D$2:$D$264,B47,Creatives!$H$2:$H$264) -> 1720175.3 | G47: =IFERROR(SUMIF(Creatives!$D$2:$D$264,B47,Creatives!$J$2:$J$264)/SUMIF(Creatives!$D$2:$D$264,B47,Creatives!$I$2:$I$264),0) -> 0.019805493 | H47: =IFERROR(SUMIF(Creatives!$D$2:$D$264,B47,Creatives!$K$2:$K$264)/SUMIF(Creatives!$D$2:$D$264,B47,Creatives!$I$2:$I$264),0) -> 0.21382986 | I47: =IFERROR(F47/SUMIF(Creatives!$D$2:$D$264,B47,Creatives!$I$2:$I$264)*1000,0) -> 138.00125 | J47: =SUMIF(Creatives!$D$2:$D$264,B47,Creatives!$O$2:$O$264) -> 477 | K47: =IFERROR(F47/J47,0) -> 3606.2376
B48: TOF CBO _Mumbai_CNV_060326 | C48: =COUNTIF(Creatives!$D$2:$D$264,B48) -> 8 | D48: =COUNTIFS(Creatives!$D$2:$D$264,B48,Creatives!$Q$2:$Q$264,"Yes") -> 0 | E48: =IFERROR(D48/C48,0) -> 0 | F48: =SUMIF(Creatives!$D$2:$D$264,B48,Creatives!$H$2:$H$264) -> 191071.19 | G48: =IFERROR(SUMIF(Creatives!$D$2:$D$264,B48,Creatives!$J$2:$J$264)/SUMIF(Creatives!$D$2:$D$264,B48,Creatives!$I$2:$I$264),0) -> 0.0046684652 | H48: =IFERROR(SUMIF(Creatives!$D$2:$D$264,B48,Creatives!$K$2:$K$264)/SUMIF(Creatives!$D$2:$D$264,B48,Creatives!$I$2:$I$264),0) -> 0.12801702 | I48: =IFERROR(F48/SUMIF(Creatives!$D$2:$D$264,B48,Creatives!$I$2:$I$264)*1000,0) -> 136.76927 | J48: =SUMIF(Creatives!$D$2:$D$264,B48,Creatives!$O$2:$O$264) -> 33 | K48: =IFERROR(F48/J48,0) -> 5790.0361
B49: TOF_Mumbai_testing_Recall_210426 | C49: =COUNTIF(Creatives!$D$2:$D$264,B49) -> 1 | D49: =COUNTIFS(Creatives!$D$2:$D$264,B49,Creatives!$Q$2:$Q$264,"Yes") -> 0 | E49: =IFERROR(D49/C49,0) -> 0 | F49: =SUMIF(Creatives!$D$2:$D$264,B49,Creatives!$H$2:$H$264) -> 185775.74 | G49: =IFERROR(SUMIF(Creatives!$D$2:$D$264,B49,Creatives!$J$2:$J$264)/SUMIF(Creatives!$D$2:$D$264,B49,Creatives!$I$2:$I$264),0) -> 0.00049631274 | H49: =IFERROR(SUMIF(Creatives!$D$2:$D$264,B49,Creatives!$K$2:$K$264)/SUMIF(Creatives!$D$2:$D$264,B49,Creatives!$I$2:$I$264),0) -> 0.056152347 | I49: =IFERROR(F49/SUMIF(Creatives!$D$2:$D$264,B49,Creatives!$I$2:$I$264)*1000,0) -> 3.1852305 | J49: =SUMIF(Creatives!$D$2:$D$264,B49,Creatives!$O$2:$O$264) -> 0 | K49: =IFERROR(F49/J49,0) -> 0
B51: Definitions and assumptions
B52: New content piece: a unique ad (same ad name once Copy / (SCL) suffixes are removed) whose first ever spend was in a testing campaign or testing ad set on or after 1 Jan 2026. Ad names are matched across campaigns because moving an ad to another campaign creates a copy.
B53: Testing campaigns: Testing Campaign, Testing _Mumbai_ABO_ Campaign, TOF_Mumbai_testing_Recall_210426 and testing ad sets in other campaigns (the dashboard sub-type = testing).
B54: Moved to scaling: the same content later has at least the spend shown in C7 inside winning campaigns (dashboard sub-type = winning, excluding any Testing campaign), on or after its testing launch date.
B55: Matured cohort: pieces launched at least C8 days before the as-of date, since newer pieces have not had time to scale. Recent months will therefore look low.
B56: Metrics: CTR is link clicks / impressions, hook rate is video views / impressions (same as the dashboard), CPM is spend per 1,000 impressions, appointments are Meta-reported (Appointment Booked, Shopify). Money is in INR.
B57: Blue cells are inputs you can change. Everything else recalculates from the Creatives sheet.
B58: TOF_Mumbai_testing_Recall_210426 is a recall (awareness) test with very high impressions and low CPM, so it pulls blended testing CPM and CTR down. Compare pieces within the same testing campaign for a fair read.
B59: January 2026 shows no new pieces because every ad launched that month reused a name already run in 2025.
B60: Creative-level data in this dashboard starts Jan 2025, so content first run before 2026 is excluded as not new.

Sheet Creatives
A1: Content (ad name at launch) | B1: Testing launch date | C1: Launch month | D1: Testing campaign | E1: Testing ad set | F1: Last spend in testing | G1: Age (days, as of data date) | H1: Testing spend | I1: Testing impressions | J1: Testing link clicks | K1: Testing video views (hook) | L1: Testing CTR | M1: Testing hook rate | N1: Testing CPM | O1: Testing appointments (Meta) | P1: Cost per appointment | Q1: Moved to scaling? | R1: Scaling start date | S1: Days to scale | T1: Scaling campaign(s) | U1: Scaling spend | V1: Scaling impressions | W1: Scaling link clicks | X1: Scaling video views (hook) | Y1: Scaling CTR | Z1: Scaling hook rate | AA1: Scaling appointments (Meta)
A2: MOF_Test_At Rings & I Our Rings Take 14 Days_170226 | B2: 46070 | C2: =TEXT(B2,"yyyy-mm") -> 2026-02 | D2: TOF CBO _Mumbai_CNV_060326 | E2: Testing_ad_set_241025 | F2: 46119 | G2: =Summary!$C$5-B2 -> 250 | H2: 84491.93 | I2: 616630 | J2: 2699 | K2: 63620 | L2: =IFERROR(J2/I2,"-") -> 0.004377017 | M2: =IFERROR(K2/I2,"-") -> 0.1031737 | N2: =IFERROR(H2/I2*1000,"-") -> 137.02209 | O2: 17 | P2: =IFERROR(H2/O2,"-") -> 4970.1135 | Q2: No | S2: =IF(Q2="Yes",R2-B2,"") | U2: 0 | V2: 0 | W2: 0 | X2: 0 | Y2: =IF(Q2="Yes",IFERROR(W2/V2,"-"),"") | Z2: =IF(Q2="Yes",IFERROR(X2/V2,"-"),"") | AA2: 0
A3: MOF_Test_Build Your Engagement Rings_170226 | B3: 46070 | C3: =TEXT(B3,"yyyy-mm") -> 2026-02 | D3: TOF CBO _Mumbai_CNV_060326 | E3: Testing_ad_set_241025 | F3: 46077 | G3: =Summary!$C$5-B3 -> 250 | H3: 8897.63 | I3: 67376 | J3: 169 | K3: 19776 | L3: =IFERROR(J3/I3,"-") -> 0.0025083116 | M3: =IFERROR(K3/I3,"-") -> 0.29351698 | N3: =IFERROR(H3/I3*1000,"-") -> 132.05934 | O3: 0 | P3: =IFERROR(H3/O3,"-") -> - | Q3: No | S3: =IF(Q3="Yes",R3-B3,"") | U3: 0 | V3: 0 | W3: 0 | X3: 0 | Y3: =IF(Q3="Yes",IFERROR(W3/V3,"-"),"") | Z3: =IF(Q3="Yes",IFERROR(X3/V3,"-"),"") | AA3: 0
A4: MOF_Test_Engrave_170226 | B4: 46070 | C4: =TEXT(B4,"yyyy-mm") -> 2026-02 | D4: TOF CBO _Mumbai_CNV_060326 | E4: Testing_ad_set_241025 | F4: 46077 | G4: =Summary!$C$5-B4 -> 250 | H4: 7057.41 | I4: 55349 | J4: 161 | K4: 15688 | L4: =IFERROR(J4/I4,"-") -> 0.002908815 | M4: =IFERROR(K4/I4,"-") -> 0.28343782 | N4: =IFERROR(H4/I4*1000,"-") -> 127.50745 | O4: 0 | P4: =IFERROR(H4/O4,"-") -> - | Q4: No | S4: =IF(Q4="Yes",R4-B4,"") | U4: 0 | V4: 0 | W4: 0 | X4: 0 | Y4: =IF(Q4="Yes",IFERROR(W4/V4,"-"),"") | Z4: =IF(Q4="Yes",IFERROR(X4/V4,"-"),"") | AA4: 0
A5: Test_Rings and I is not a jewellery store_170226 | B5: 46070 | C5: =TEXT(B5,"yyyy-mm") -> 2026-02 | D5: TOF CBO _Mumbai_CNV_060326 | E5: Testing_ad_set_241025 | F5: 46087 | G5: =Summary!$C$5-B5 -> 250 | H5: 7403.22 | I5: 24799 | J5: 98 | K5: 2326 | L5: =IFERROR(J5/I5,"-") -> 0.0039517722 | M5: =IFERROR(K5/I5,"-") -> 0.093794105 | N5: =IFERROR(H5/I5*1000,"-") -> 298.52897 | O5: 1 | P5: =IFERROR(H5/O5,"-") -> 7403.22 | Q5: No | S5: =IF(Q5="Yes",R5-B5,"") | U5: 0 | V5: 0 | W5: 0 | X5: 0 | Y5: =IF(Q5="Yes",IFERROR(W5/V5,"-"),"") | Z5: =IF(Q5="Yes",IFERROR(X5/V5,"-"),"") | AA5: 0
A6: Test_The Only Engagement Ring Studio_24022026 | B6: 46077 | C6: =TEXT(B6,"yyyy-mm") -> 2026-02 | D6: TOF CBO _Mumbai_CNV_060326 | E6: Testing_ad_set_241025 | F6: 46107 | G6: =Summary!$C$5-B6 -> 243 | H6: 24506.44 | I6: 218309 | J6: 1483 | K6: 8474 | L6: =IFERROR(J6/I6,"-") -> 0.0067931235 | M6: =IFERROR(K6/I6,"-") -> 0.03881654 | N6: =IFERROR(H6/I6*1000,"-") -> 112.25575 | O6: 2 | P6: =IFERROR(H6/O6,"-") -> 12253.22 | Q6: No | S6: =IF(Q6="Yes",R6-B6,"") | U6: 0 | V6: 0 | W6: 0 | X6: 0 | Y6: =IF(Q6="Yes",IFERROR(W6/V6,"-"),"") | Z6: =IF(Q6="Yes",IFERROR(X6/V6,"-"),"") | AA6: 0
A7: Test_Build Your Own Ring_24022026 | B7: 46078 | C7: =TEXT(B7,"yyyy-mm") -> 2026-02 | D7: TOF CBO _Mumbai_CNV_060326 | E7: Testing_ad_set_241025 | F7: 46099 | G7: =Summary!$C$5-B7 -> 242 | H7: 39811.39 | I7: 309580 | J7: 1481 | K7: 50673 | L7: =IFERROR(J7/I7,"-") -> 0.0047839008 | M7: =IFERROR(K7/I7,"-") -> 0.16368305 | N7: =IFERROR(H7/I7*1000,"-") -> 128.59807 | O7: 8 | P7: =IFERROR(H7/O7,"-") -> 4976.4237 | Q7: No | S7: =IF(Q7="Yes",R7-B7,"") | U7: 0 | V7: 0 | W7: 0 | X7: 0 | Y7: =IF(Q7="Yes",IFERROR(W7/V7,"-"),"") | Z7: =IF(Q7="Yes",IFERROR(X7/V7,"-"),"") | AA7: 0
A8: Test_Building a Ring_24022026 | B8: 46078 | C8: =TEXT(B8,"yyyy-mm") -> 2026-02 | D8: TOF CBO _Mumbai_CNV_060326 | E8: Testing_ad_set_241025 | F8: 46105 | G8: =Summary!$C$5-B8 -> 242 | H8: 3584.68 | I8: 16741 | J8: 29 | K8: 1869 | L8: =IFERROR(J8/I8,"-") -> 0.0017322741 | M8: =IFERROR(K8/I8,"-") -> 0.11164208 | N8: =IFERROR(H8/I8*1000,"-") -> 214.1258 | O8: 1 | P8: =IFERROR(H8/O8,"-") -> 3584.68 | Q8: No | S8: =IF(Q8="Yes",R8-B8,"") | U8: 0 | V8: 0 | W8: 0 | X8: 0 | Y8: =IF(Q8="Yes",IFERROR(W8/V8,"-"),"") | Z8: =IF(Q8="Yes",IFERROR(X8/V8,"-"),"") | AA8: 0
A9: Test_1000+ Engagement Rings For Men_24022026 | B9: 46079 | C9: =TEXT(B9,"yyyy-mm") -> 2026-02 | D9: TOF CBO _Mumbai_CNV_060326 | E9: Testing_ad_set_241025 | F9: 46089 | G9: =Summary!$C$5-B9 -> 241 | H9: 15318.49 | I9: 88249 | J9: 402 | K9: 16418 | L9: =IFERROR(J9/I9,"-") -> 0.0045552924 | M9: =IFERROR(K9/I9,"-") -> 0.18604177 | N9: =IFERROR(H9/I9*1000,"-") -> 173.58259 | O9: 4 | P9: =IFERROR(H9/O9,"-") -> 3829.6225 | Q9: No | S9: =IF(Q9="Yes",R9-B9,"") | U9: 0 | V9: 0 | W9: 0 | X9: 0 | Y9: =IF(Q9="Yes",IFERROR(W9/V9,"-"),"") | Z9: =IF(Q9="Yes",IFERROR(X9/V9,"-"),"") | AA9: 0
A10: MOF_Engrave 1_07032026 | B10: 46088 | C10: =TEXT(B10,"yyyy-mm") -> 2026-03 | D10: Testing _Mumbai_ABO_ Campaign | E10: Test_2_MOF_060326 | F10: 46099 | G10: =Summary!$C$5-B10 -> 232 | H10: 11805.55 | I10: 33102 | J10: 301 | K10: 9752 | L10: =IFERROR(J10/I10,"-") -> 0.0090931062 | M10: =IFERROR(K10/I10,"-") -> 0.29460456 | N10: =IFERROR(H10/I10*1000,"-") -> 356.64159 | O10: 3 | P10: =IFERROR(H10/O10,"-") -> 3935.1833 | Q10: Yes | R10: 46101 | S10: =IF(Q10="Yes",R10-B10,"") -> 13 | T10: MOF_ABO_Mumbai_CNV_211224 | U10: 64633.27 | V10: 326836 | W10: 1984 | X10: 71191.09 | Y10: =IF(Q10="Yes",IFERROR(W10/V10,"-"),"") -> 0.0060703227 | Z10: =IF(Q10="Yes",IFERROR(X10/V10,"-"),"") -> 0.217819 | AA10: 16
A11: MOF_Gold Tones_07032026 | B11: 46088 | C11: =TEXT(B11,"yyyy-mm") -> 2026-03 | D11: Testing _Mumbai_ABO_ Campaign | E11: Test_2_MOF_060326 | F11: 46206 | G11: =Summary!$C$5-B11 -> 232 | H11: 12704.62 | I11: 1024986 | J11: 597 | K11: 84292.53 | L11: =IFERROR(J11/I11,"-") -> 0.00058244698 | M11: =IFERROR(K11/I11,"-") -> 0.082237738 | N11: =IFERROR(H11/I11*1000,"-") -> 12.394921 | O11: 3 | P11: =IFERROR(H11/O11,"-") -> 4234.8733 | Q11: Yes | R11: 46099 | S11: =IF(Q11="Yes",R11-B11,"") -> 11 | T11: MOF_ABO_Mumbai_CNV_211224 | U11: 28421.67 | V11: 146160 | W11: 990 | X11: 36244.35 | Y11: =IF(Q11="Yes",IFERROR(W11/V11,"-"),"") -> 0.006773399 | Z11: =IF(Q11="Yes",IFERROR(X11/V11,"-"),"") -> 0.24797722 | AA11: 7
A12: TOF_BYOR_1_0732026 | B12: 46088 | C12: =TEXT(B12,"yyyy-mm") -> 2026-03 | D12: Testing _Mumbai_ABO_ Campaign | E12: Test_1_TOF_060326 | F12: 46118 | G12: =Summary!$C$5-B12 -> 232 | H12: 4681.74 | I12: 31841 | J12: 276 | K12: 3529 | L12: =IFERROR(J12/I12,"-") -> 0.0086680695 | M12: =IFERROR(K12/I12,"-") -> 0.11083195 | N12: =IFERROR(H12/I12*1000,"-") -> 147.03495 | O12: 4 | P12: =IFERROR(H12/O12,"-") -> 1170.435 | Q12: No | S12: =IF(Q12="Yes",R12-B12,"") | U12: 0 | V12: 0 | W12: 0 | X12: 0 | Y12: =IF(Q12="Yes",IFERROR(W12/V12,"-"),"") | Z12: =IF(Q12="Yes",IFERROR(X12/V12,"-"),"") | AA12: 0
A13: TOF_BYOR_2__0732026 | B13: 46088 | C13: =TEXT(B13,"yyyy-mm") -> 2026-03 | D13: Testing _Mumbai_ABO_ Campaign | E13: Test_1_TOF_060326 | F13: 46104 | G13: =Summary!$C$5-B13 -> 232 | H13: 23470.05 | I13: 197832 | J13: 1415 | K13: 49077 | L13: =IFERROR(J13/I13,"-") -> 0.0071525335 | M13: =IFERROR(K13/I13,"-") -> 0.24807412 | N13: =IFERROR(H13/I13*1000,"-") -> 118.63627 | O13: 8 | P13: =IFERROR(H13/O13,"-") -> 2933.7562 | Q13: No | S13: =IF(Q13="Yes",R13-B13,"") | U13: 0 | V13: 0 | W13: 0 | X13: 0 | Y13: =IF(Q13="Yes",IFERROR(W13/V13,"-"),"") | Z13: =IF(Q13="Yes",IFERROR(X13/V13,"-"),"") | AA13: 0
A14: Build Your Own Ring_09032026 | B14: 46090 | C14: =TEXT(B14,"yyyy-mm") -> 2026-03 | D14: Testing _Mumbai_ABO_ Campaign | E14: Test_1_TOF_060326 | F14: 46118 | G14: =Summary!$C$5-B14 -> 230 | H14: 1335.12 | I14: 3793 | J14: 9 | K14: 348 | L14: =IFERROR(J14/I14,"-") -> 0.002372792 | M14: =IFERROR(K14/I14,"-") -> 0.091747957 | N14: =IFERROR(H14/I14*1000,"-") -> 351.99578 | O14: 0 | P14: =IFERROR(H14/O14,"-") -> - | Q14: No | S14: =IF(Q14="Yes",R14-B14,"") | U14: 0 | V14: 0 | W14: 0 | X14: 0 | Y14: =IF(Q14="Yes",IFERROR(W14/V14,"-"),"") | Z14: =IF(Q14="Yes",IFERROR(X14/V14,"-"),"") | AA14: 0
A15: Reason Why Mumbai Couple Buy Engagement Ring Here_09032026 | B15: 46090 | C15: =TEXT(B15,"yyyy-mm") -> 2026-03 | D15: Testing _Mumbai_ABO_ Campaign | E15: Test_1_TOF_060326 | F15: 46104 | G15: =Summary!$C$5-B15 -> 230 | H15: 5632.91 | I15: 44139 | J15: 140 | K15: 10046 | L15: =IFERROR(J15/I15,"-") -> 0.0031717982 | M15: =IFERROR(K15/I15,"-") -> 0.22759918 | N15: =IFERROR(H15/I15*1000,"-") -> 127.61753 | O15: 2 | P15: =IFERROR(H15/O15,"-") -> 2816.455 | Q15: No | S15: =IF(Q15="Yes",R15-B15,"") | U15: 0 | V15: 0 | W15: 0 | X15: 0 | Y15: =IF(Q15="Yes",IFERROR(W15/V15,"-"),"") | Z15: =IF(Q15="Yes",IFERROR(X15/V15,"-"),"") | AA15: 0
A16: Education_Ad_1032026 | B16: 46091 | C16: =TEXT(B16,"yyyy-mm") -> 2026-03 | D16: Testing _Mumbai_ABO_ Campaign | E16: Test_2_MOF_060326 | F16: 46107 | G16: =Summary!$C$5-B16 -> 229 | H16: 4312.71 | I16: 6697 | J16: 46 | K16: 735 | L16: =IFERROR(J16/I16,"-") -> 0.0068687472 | M16: =IFERROR(K16/I16,"-") -> 0.10975063 | N16: =IFERROR(H16/I16*1000,"-") -> 643.97641 | O16: 7 | P16: =IFERROR(H16/O16,"-") -> 616.10143 | Q16: Yes | R16: 46104 | S16: =IF(Q16="Yes",R16-B16,"") -> 13 | T16: MOF_ABO_Mumbai_CNV_211224 | U16: 35987.52 | V16: 95214 | W16: 390 | X16: 8973.49 | Y16: =IF(Q16="Yes",IFERROR(W16/V16,"-"),"") -> 0.0040960363 | Z16: =IF(Q16="Yes",IFERROR(X16/V16,"-"),"") -> 0.094245489 | AA16: 4
A17: If I were Finding My Own Engagement Ring_1032026 | B17: 46091 | C17: =TEXT(B17,"yyyy-mm") -> 2026-03 | D17: Testing _Mumbai_ABO_ Campaign | E17: Test_2_MOF_060326 | F17: 46097 | G17: =Summary!$C$5-B17 -> 229 | H17: 2095.02 | I17: 5054 | J17: 30 | K17: 916 | L17: =IFERROR(J17/I17,"-") -> 0.0059358924 | M17: =IFERROR(K17/I17,"-") -> 0.18124258 | N17: =IFERROR(H17/I17*1000,"-") -> 414.52711 | O17: 0 | P17: =IFERROR(H17/O17,"-") -> - | Q17: No | S17: =IF(Q17="Yes",R17-B17,"") | U17: 0 | V17: 0 | W17: 0 | X17: 0 | Y17: =IF(Q17="Yes",IFERROR(W17/V17,"-"),"") | Z17: =IF(Q17="Yes",IFERROR(X17/V17,"-"),"") | AA17: 0
A18: Testimonial 4_100326 | B18: 46091 | C18: =TEXT(B18,"yyyy-mm") -> 2026-03 | D18: Testing _Mumbai_ABO_ Campaign | E18: Test_2_MOF_060326 | F18: 46107 | G18: =Summary!$C$5-B18 -> 229 | H18: 8516.26 | I18: 16240 | J18: 104 | K18: 3357 | L18: =IFERROR(J18/I18,"-") -> 0.0064039409 | M18: =IFERROR(K18/I18,"-") -> 0.20671182 | N18: =IFERROR(H18/I18*1000,"-") -> 524.40025 | O18: 6 | P18: =IFERROR(H18/O18,"-") -> 1419.3767 | Q18: Yes | R18: 46104 | S18: =IF(Q18="Yes",R18-B18,"") -> 13 | T18: MOF_ABO_Mumbai_CNV_211224 | U18: 39666.48 | V18: 219864 | W18: 2022 | X18: 33184.72 | Y18: =IF(Q18="Yes",IFERROR(W18/V18,"-"),"") -> 0.0091965943 | Z18: =IF(Q18="Yes",IFERROR(X18/V18,"-"),"") -> 0.15093294 | AA18: 21
A19: Unboxing_10032026 | B19: 46091 | C19: =TEXT(B19,"yyyy-mm") -> 2026-03 | D19: Testing _Mumbai_ABO_ Campaign | E19: Test_2_MOF_060326 | F19: 46104 | G19: =Summary!$C$5-B19 -> 229 | H19: 7231.83 | I19: 14670 | J19: 67 | K19: 3264 | L19: =IFERROR(J19/I19,"-") -> 0.0045671438 | M19: =IFERROR(K19/I19,"-") -> 0.22249489 | N19: =IFERROR(H19/I19*1000,"-") -> 492.96728 | O19: 1 | P19: =IFERROR(H19/O19,"-") -> 7231.83 | Q19: No | S19: =IF(Q19="Yes",R19-B19,"") | U19: 0 | V19: 0 | W19: 0 | X19: 0 | Y19: =IF(Q19="Yes",IFERROR(W19/V19,"-"),"") | Z19: =IF(Q19="Yes",IFERROR(X19/V19,"-"),"") | AA19: 0
A20: When Celebrities Dont Buy Ready-Made Engagement Ring_090326 | B20: 46091 | C20: =TEXT(B20,"yyyy-mm") -> 2026-03 | D20: Testing _Mumbai_ABO_ Campaign | E20: Test_1_TOF_060326 | F20: 46104 | G20: =Summary!$C$5-B20 -> 229 | H20: 545.33 | I20: 2187 | J20: 14 | K20: 711 | L20: =IFERROR(J20/I20,"-") -> 0.0064014632 | M20: =IFERROR(K20/I20,"-") -> 0.32510288 | N20: =IFERROR(H20/I20*1000,"-") -> 249.35071 | O20: 0 | P20: =IFERROR(H20/O20,"-") -> - | Q20: Yes | R20: 46104 | S20: =IF(Q20="Yes",R20-B20,"") -> 13 | T20: TOF CBO _Mumbai_CNV_060326 | U20: 71941.33 | V20: 667037 | W20: 4972 | X20: 114276.9 | Y20: =IF(Q20="Yes",IFERROR(W20/V20,"-"),"") -> 0.0074538594 | Z20: =IF(Q20="Yes",IFERROR(X20/V20,"-"),"") -> 0.17132018 | AA20: 7
A21: You Notice the Rings Worn by Vijay & Rashmika Mandanna at their Wedding_090326 | B21: 46091 | C21: =TEXT(B21,"yyyy-mm") -> 2026-03 | D21: Testing _Mumbai_ABO_ Campaign | E21: Test_1_TOF_060326 | F21: 46233 | G21: =Summary!$C$5-B21 -> 229 | H21: 115732.09 | I21: 3872854 | J21: 211003 | K21: 1313202 | L21: =IFERROR(J21/I21,"-") -> 0.05448256 | M21: =IFERROR(K21/I21,"-") -> 0.33907861 | N21: =IFERROR(H21/I21*1000,"-") -> 29.882895 | O21: 0 | P21: =IFERROR(H21/O21,"-") -> - | Q21: Yes | R21: 46104 | S21: =IF(Q21="Yes",R21-B21,"") -> 13 | T21: TOF CBO _Mumbai_CNV_060326 | U21: 1072285.4 | V21: 18088242 | W21: 359792 | X21: 5726738.6 | Y21: =IF(Q21="Yes",IFERROR(W21/V21,"-"),"") -> 0.019890932 | Z21: =IF(Q21="Yes",IFERROR(X21/V21,"-"),"") -> 0.31660007 | AA21: 62
A22: TOF_#1A - How do you Know if the Shape is Right | B22: 46105 | C22: =TEXT(B22,"yyyy-mm") -> 2026-03 | D22: Testing _Mumbai_ABO_ Campaign | E22: Test_1_TOF_060326 | F22: 46119 | G22: =Summary!$C$5-B22 -> 215 | H22: 4959.16 | I22: 22283 | J22: 70 | K22: 3812 | L22: =IFERROR(J22/I22,"-") -> 0.0031414082 | M22: =IFERROR(K22/I22,"-") -> 0.17107212 | N22: =IFERROR(H22/I22*1000,"-") -> 222.55352 | O22: 4 | P22: =IFERROR(H22/O22,"-") -> 1239.79 | Q22: Yes | R22: 46118 | S22: =IF(Q22="Yes",R22-B22,"") -> 13 | T22: TOF CBO _Mumbai_CNV_060326 | U22: 86556.48 | V22: 520606 | W22: 1352 | X22: 59493.28 | Y22: =IF(Q22="Yes",IFERROR(W22/V22,"-"),"") -> 0.0025969735 | Z22: =IF(Q22="Yes",IFERROR(X22/V22,"-"),"") -> 0.11427698 | AA22: 3
A23: TOF_#2Here's the Difference Between | B23: 46105 | C23: =TEXT(B23,"yyyy-mm") -> 2026-03 | D23: Testing _Mumbai_ABO_ Campaign | E23: Test_1_TOF_060326 | F23: 46118 | G23: =Summary!$C$5-B23 -> 215 | H23: 4800.66 | I23: 16973 | J23: 105 | K23: 5669 | L23: =IFERROR(J23/I23,"-") -> 0.0061862959 | M23: =IFERROR(K23/I23,"-") -> 0.33400106 | N23: =IFERROR(H23/I23*1000,"-") -> 282.84098 | O23: 1 | P23: =IFERROR(H23/O23,"-") -> 4800.66 | Q23: No | S23: =IF(Q23="Yes",R23-B23,"") | U23: 0 | V23: 0 | W23: 0 | X23: 0 | Y23: =IF(Q23="Yes",IFERROR(W23/V23,"-"),"") | Z23: =IF(Q23="Yes",IFERROR(X23/V23,"-"),"") | AA23: 0
A24: TOF_#3What if you could Build your Engagement Ring | B24: 46105 | C24: =TEXT(B24,"yyyy-mm") -> 2026-03 | D24: Testing _Mumbai_ABO_ Campaign | E24: Test_1_TOF_060326 | F24: 46119 | G24: =Summary!$C$5-B24 -> 215 | H24: 7857.46 | I24: 33523 | J24: 81 | K24: 3994 | L24: =IFERROR(J24/I24,"-") -> 0.0024162515 | M24: =IFERROR(K24/I24,"-") -> 0.11914208 | N24: =IFERROR(H24/I24*1000,"-") -> 234.39012 | O24: 3 | P24: =IFERROR(H24/O24,"-") -> 2619.1533 | Q24: Yes | R24: 46119 | S24: =IF(Q24="Yes",R24-B24,"") -> 14 | T24: TOF CBO _Mumbai_CNV_060326 | U24: 237552.66 | V24: 1229269 | W24: 3128 | X24: 109630.41 | Y24: =IF(Q24="Yes",IFERROR(W24/V24,"-"),"") -> 0.0025446017 | Z24: =IF(Q24="Yes",IFERROR(X24/V24,"-"),"") -> 0.089183417 | AA24: 9
A25: TOF_Even Rashmika Got VIjay His Dream_240326 | B25: 46105 | C25: =TEXT(B25,"yyyy-mm") -> 2026-03 | D25: Testing _Mumbai_ABO_ Campaign | E25: Test_1_TOF_060326 | F25: 46119 | G25: =Summary!$C$5-B25 -> 215 | H25: 2753.72 | I25: 14142 | J25: 60 | K25: 4167 | L25: =IFERROR(J25/I25,"-") -> 0.0042426814 | M25: =IFERROR(K25/I25,"-") -> 0.29465422 | N25: =IFERROR(H25/I25*1000,"-") -> 194.71928 | O25: 0 | P25: =IFERROR(H25/O25,"-") -> - | Q25: Yes | R25: 46119 | S25: =IF(Q25="Yes",R25-B25,"") -> 14 | T25: TOF CBO _Mumbai_CNV_060326 | U25: 101064.15 | V25: 1816318 | W25: 6432 | X25: 414412.59 | Y25: =IF(Q25="Yes",IFERROR(W25/V25,"-"),"") -> 0.0035412301 | Z25: =IF(Q25="Yes",IFERROR(X25/V25,"-"),"") -> 0.22816081 | AA25: 7
A26: TOF_Test_Celebs who chose Couple Engagement Rings | B26: 46105 | C26: =TEXT(B26,"yyyy-mm") -> 2026-03 | D26: Testing _Mumbai_ABO_ Campaign | E26: Test_1_TOF_060326 | F26: 46206 | G26: =Summary!$C$5-B26 -> 215 | H26: 15963.05 | I26: 2426416 | J26: 1397 | K26: 289666.86 | L26: =IFERROR(J26/I26,"-") -> 0.00057574629 | M26: =IFERROR(K26/I26,"-") -> 0.11938054 | N26: =IFERROR(H26/I26*1000,"-") -> 6.5788595 | O26: 3 | P26: =IFERROR(H26/O26,"-") -> 5321.0167 | Q26: Yes | R26: 46112 | S26: =IF(Q26="Yes",R26-B26,"") -> 7 | T26: TOF CBO _Mumbai_CNV_060326 | U26: 548048.64 | V26: 5112283 | W26: 31252 | X26: 1370778.8 | Y26: =IF(Q26="Yes",IFERROR(W26/V26,"-"),"") -> 0.0061131201 | Z26: =IF(Q26="Yes",IFERROR(X26/V26,"-"),"") -> 0.26813437 | AA26: 23
A27: TOF_Women in Love Helping Men_06042026 | B27: 46105 | C27: =TEXT(B27,"yyyy-mm") -> 2026-03 | D27: Testing _Mumbai_ABO_ Campaign | E27: Test_1_TOF_060326 | F27: 46118 | G27: =Summary!$C$5-B27 -> 215 | H27: 2940.12 | I27: 16036 | J27: 31 | K27: 2606 | L27: =IFERROR(J27/I27,"-") -> 0.0019331504 | M27: =IFERROR(K27/I27,"-") -> 0.16250935 | N27: =IFERROR(H27/I27*1000,"-") -> 183.34497 | O27: 0 | P27: =IFERROR(H27/O27,"-") -> - | Q27: No | S27: =IF(Q27="Yes",R27-B27,"") | U27: 0 | V27: 0 | W27: 0 | X27: 0 | Y27: =IF(Q27="Yes",IFERROR(W27/V27,"-"),"") | Z27: =IF(Q27="Yes",IFERROR(X27/V27,"-"),"") | AA27: 0
A28: TOF#1B - This Might be the Smartest Way to Buy Engagement Rings | B28: 46106 | C28: =TEXT(B28,"yyyy-mm") -> 2026-03 | D28: Testing _Mumbai_ABO_ Campaign | E28: Test_1_TOF_060326 | F28: 46118 | G28: =Summary!$C$5-B28 -> 214 | H28: 2834.46 | I28: 10779 | J28: 37 | K28: 1934 | L28: =IFERROR(J28/I28,"-") -> 0.0034326004 | M28: =IFERROR(K28/I28,"-") -> 0.17942295 | N28: =IFERROR(H28/I28*1000,"-") -> 262.96131 | O28: 0 | P28: =IFERROR(H28/O28,"-") -> - | Q28: No | S28: =IF(Q28="Yes",R28-B28,"") | U28: 0 | V28: 0 | W28: 0 | X28: 0 | Y28: =IF(Q28="Yes",IFERROR(W28/V28,"-"),"") | Z28: =IF(Q28="Yes",IFERROR(X28/V28,"-"),"") | AA28: 0
A29: Founders Vid_3_13126 – Copy_Borvali5 | B29: 46113 | C29: =TEXT(B29,"yyyy-mm") -> 2026-04 | D29: Testing _Mumbai_ABO_ Campaign | E29: Test_Borivali Studio_310326 | F29: 46126 | G29: =Summary!$C$5-B29 -> 207 | H29: 16051.63 | I29: 57655 | J29: 286 | K29: 13757 | L29: =IFERROR(J29/I29,"-") -> 0.0049605411 | M29: =IFERROR(K29/I29,"-") -> 0.23860897 | N29: =IFERROR(H29/I29*1000,"-") -> 278.40829 | O29: 5 | P29: =IFERROR(H29/O29,"-") -> 3210.326 | Q29: No | S29: =IF(Q29="Yes",R29-B29,"") | U29: 0 | V29: 0 | W29: 0 | X29: 0 | Y29: =IF(Q29="Yes",IFERROR(W29/V29,"-"),"") | Z29: =IF(Q29="Yes",IFERROR(X29/V29,"-"),"") | AA29: 0
A30: Test_BYOR_Borivali_010426 | B30: 46113 | C30: =TEXT(B30,"yyyy-mm") -> 2026-04 | D30: Testing _Mumbai_ABO_ Campaign | E30: Test_Borivali Studio_310326 | F30: 46126 | G30: =Summary!$C$5-B30 -> 207 | H30: 7164.1 | I30: 37817 | J30: 272 | K30: 8627 | L30: =IFERROR(J30/I30,"-") -> 0.0071925325 | M30: =IFERROR(K30/I30,"-") -> 0.22812492 | N30: =IFERROR(H30/I30*1000,"-") -> 189.44126 | O30: 0 | P30: =IFERROR(H30/O30,"-") -> - | Q30: No | S30: =IF(Q30="Yes",R30-B30,"") | U30: 0 | V30: 0 | W30: 0 | X30: 0 | Y30: =IF(Q30="Yes",IFERROR(W30/V30,"-"),"") | Z30: =IF(Q30="Yes",IFERROR(X30/V30,"-"),"") | AA30: 0
A31: MOF_Gold Tones_06042026 | B31: 46118 | C31: =TEXT(B31,"yyyy-mm") -> 2026-04 | D31: Testing _Mumbai_ABO_ Campaign | E31: Test_2_MOF_060326 | F31: 46127 | G31: =Summary!$C$5-B31 -> 202 | H31: 10757.87 | I31: 24340 | J31: 347 | K31: 8307 | L31: =IFERROR(J31/I31,"-") -> 0.014256368 | M31: =IFERROR(K31/I31,"-") -> 0.34129006 | N31: =IFERROR(H31/I31*1000,"-") -> 441.98316 | O31: 3 | P31: =IFERROR(H31/O31,"-") -> 3585.9567 | Q31: Yes | R31: 46187 | S31: =IF(Q31="Yes",R31-B31,"") -> 69 | T31: MOF_ABO_Mumbai_CNV_211224 | U31: 38554.99 | V31: 201229 | W31: 2372 | X31: 40074.86 | Y31: =IF(Q31="Yes",IFERROR(W31/V31,"-"),"") -> 0.011787565 | Z31: =IF(Q31="Yes",IFERROR(X31/V31,"-"),"") -> 0.19915052 | AA31: 10
A32: MOF_Test_Appointment_06042026 | B32: 46118 | C32: =TEXT(B32,"yyyy-mm") -> 2026-04 | D32: Testing _Mumbai_ABO_ Campaign | E32: Test_2_MOF_060326 | F32: 46133 | G32: =Summary!$C$5-B32 -> 202 | H32: 4304.89 | I32: 10534 | J32: 46 | K32: 1002 | L32: =IFERROR(J32/I32,"-") -> 0.0043668122 | M32: =IFERROR(K32/I32,"-") -> 0.095120562 | N32: =IFERROR(H32/I32*1000,"-") -> 408.66622 | O32: 1 | P32: =IFERROR(H32/O32,"-") -> 4304.89 | Q32: Yes | R32: 46186 | S32: =IF(Q32="Yes",R32-B32,"") -> 68 | T32: MOF_ABO_Mumbai_CNV_211224 | U32: 11990.04 | V32: 34074 | W32: 117 | X32: 2825.38 | Y32: =IF(Q32="Yes",IFERROR(W32/V32,"-"),"") -> 0.0034337031 | Z32: =IF(Q32="Yes",IFERROR(X32/V32,"-"),"") -> 0.082918941 | AA32: 2
A33: MOF_Test_Diamond Certification_06042026 | B33: 46118 | C33: =TEXT(B33,"yyyy-mm") -> 2026-04 | D33: Testing _Mumbai_ABO_ Campaign | E33: Test_2_MOF_060326 | F33: 46133 | G33: =Summary!$C$5-B33 -> 202 | H33: 5488.73 | I33: 10128 | J33: 59 | K33: 1249 | L33: =IFERROR(J33/I33,"-") -> 0.0058254344 | M33: =IFERROR(K33/I33,"-") -> 0.12332148 | N33: =IFERROR(H33/I33*1000,"-") -> 541.93622 | O33: 3 | P33: =IFERROR(H33/O33,"-") -> 1829.5767 | Q33: Yes | R33: 46187 | S33: =IF(Q33="Yes",R33-B33,"") -> 69 | T33: MOF_ABO_Mumbai_CNV_211224 | U33: 15247.99 | V33: 73701 | W33: 228 | X33: 5859.33 | Y33: =IF(Q33="Yes",IFERROR(W33/V33,"-"),"") -> 0.0030935808 | Z33: =IF(Q33="Yes",IFERROR(X33/V33,"-"),"") -> 0.079501364 | AA33: 4
A34: MOF_Test_LabGRvsNat_06042026 | B34: 46118 | C34: =TEXT(B34,"yyyy-mm") -> 2026-04 | D34: Testing _Mumbai_ABO_ Campaign | E34: Test_2_MOF_060326 | F34: 46129 | G34: =Summary!$C$5-B34 -> 202 | H34: 6268.54 | I34: 15005 | J34: 106 | K34: 3092 | L34: =IFERROR(J34/I34,"-") -> 0.0070643119 | M34: =IFERROR(K34/I34,"-") -> 0.20606465 | N34: =IFERROR(H34/I34*1000,"-") -> 417.76341 | O34: 3 | P34: =IFERROR(H34/O34,"-") -> 2089.5133 | Q34: No | S34: =IF(Q34="Yes",R34-B34,"") | U34: 0 | V34: 0 | W34: 0 | X34: 0 | Y34: =IF(Q34="Yes",IFERROR(W34/V34,"-"),"") | Z34: =IF(Q34="Yes",IFERROR(X34/V34,"-"),"") | AA34: 0
A35: MOF_Test_No Fix Prices _06042026 | B35: 46118 | C35: =TEXT(B35,"yyyy-mm") -> 2026-04 | D35: Testing _Mumbai_ABO_ Campaign | E35: Test_2_MOF_060326 | F35: 46133 | G35: =Summary!$C$5-B35 -> 202 | H35: 1510.5 | I35: 2362 | J35: 12 | K35: 346 | L35: =IFERROR(J35/I35,"-") -> 0.0050804403 | M35: =IFERROR(K35/I35,"-") -> 0.14648603 | N35: =IFERROR(H35/I35*1000,"-") -> 639.50042 | O35: 1 | P35: =IFERROR(H35/O35,"-") -> 1510.5 | Q35: No | S35: =IF(Q35="Yes",R35-B35,"") | U35: 0 | V35: 0 | W35: 0 | X35: 0 | Y35: =IF(Q35="Yes",IFERROR(W35/V35,"-"),"") | Z35: =IF(Q35="Yes",IFERROR(X35/V35,"-"),"") | AA35: 0
A36: MOF_Test_Carousel 2 _06042026 | B36: 46119 | C36: =TEXT(B36,"yyyy-mm") -> 2026-04 | D36: Testing _Mumbai_ABO_ Campaign | E36: Test_2_MOF_060326 | F36: 46120 | G36: =Summary!$C$5-B36 -> 201 | H36: 1246.65 | I36: 2607 | J36: 20 | K36: 0 | L36: =IFERROR(J36/I36,"-") -> 0.0076716532 | M36: =IFERROR(K36/I36,"-") -> 0 | N36: =IFERROR(H36/I36*1000,"-") -> 478.19333 | O36: 2 | P36: =IFERROR(H36/O36,"-") -> 623.325 | Q36: No | S36: =IF(Q36="Yes",R36-B36,"") | U36: 0 | V36: 0 | W36: 0 | X36: 0 | Y36: =IF(Q36="Yes",IFERROR(W36/V36,"-"),"") | Z36: =IF(Q36="Yes",IFERROR(X36/V36,"-"),"") | AA36: 0
A37: TOF_Finishes_06042026 | B37: 46119 | C37: =TEXT(B37,"yyyy-mm") -> 2026-04 | D37: Testing _Mumbai_ABO_ Campaign | E37: Test_1_TOF_060326 | F37: 46159 | G37: =Summary!$C$5-B37 -> 201 | H37: 5589.59 | I37: 40534 | J37: 163 | K37: 4295 | L37: =IFERROR(J37/I37,"-") -> 0.0040213154 | M37: =IFERROR(K37/I37,"-") -> 0.10596043 | N37: =IFERROR(H37/I37*1000,"-") -> 137.8988 | O37: 1 | P37: =IFERROR(H37/O37,"-") -> 5589.59 | Q37: No | S37: =IF(Q37="Yes",R37-B37,"") | U37: 0 | V37: 0 | W37: 0 | X37: 0 | Y37: =IF(Q37="Yes",IFERROR(W37/V37,"-"),"") | Z37: =IF(Q37="Yes",IFERROR(X37/V37,"-"),"") | AA37: 0
A38: TOF_Hidden Details_0604206 | B38: 46119 | C38: =TEXT(B38,"yyyy-mm") -> 2026-04 | D38: Testing _Mumbai_ABO_ Campaign | E38: Test_1_TOF_060326 | F38: 46131 | G38: =Summary!$C$5-B38 -> 201 | H38: 1387.76 | I38: 4733 | J38: 10 | K38: 575 | L38: =IFERROR(J38/I38,"-") -> 0.0021128248 | M38: =IFERROR(K38/I38,"-") -> 0.12148743 | N38: =IFERROR(H38/I38*1000,"-") -> 293.20938 | O38: 0 | P38: =IFERROR(H38/O38,"-") -> - | Q38: No | S38: =IF(Q38="Yes",R38-B38,"") | U38: 0 | V38: 0 | W38: 0 | X38: 0 | Y38: =IF(Q38="Yes",IFERROR(W38/V38,"-"),"") | Z38: =IF(Q38="Yes",IFERROR(X38/V38,"-"),"") | AA38: 0
A39: TOF_If you dont Want_06042026 | B39: 46119 | C39: =TEXT(B39,"yyyy-mm") -> 2026-04 | D39: Testing _Mumbai_ABO_ Campaign | E39: Test_1_TOF_060326 | F39: 46125 | G39: =Summary!$C$5-B39 -> 201 | H39: 3212.33 | I39: 10966 | J39: 47 | K39: 1963 | L39: =IFERROR(J39/I39,"-") -> 0.0042859748 | M39: =IFERROR(K39/I39,"-") -> 0.17900784 | N39: =IFERROR(H39/I39*1000,"-") -> 292.93544 | O39: 0 | P39: =IFERROR(H39/O39,"-") -> - | Q39: No | S39: =IF(Q39="Yes",R39-B39,"") | U39: 0 | V39: 0 | W39: 0 | X39: 0 | Y39: =IF(Q39="Yes",IFERROR(W39/V39,"-"),"") | Z39: =IF(Q39="Yes",IFERROR(X39/V39,"-"),"") | AA39: 0
A40: TOF_Most Wanted Rings_06042026 | B40: 46119 | C40: =TEXT(B40,"yyyy-mm") -> 2026-04 | D40: Testing _Mumbai_ABO_ Campaign | E40: Test_1_TOF_060326 | F40: 46125 | G40: =Summary!$C$5-B40 -> 201 | H40: 9504.7 | I40: 40851 | J40: 217 | K40: 3955 | L40: =IFERROR(J40/I40,"-") -> 0.0053119875 | M40: =IFERROR(K40/I40,"-") -> 0.096815255 | N40: =IFERROR(H40/I40*1000,"-") -> 232.6675 | O40: 0 | P40: =IFERROR(H40/O40,"-") -> - | Q40: No | S40: =IF(Q40="Yes",R40-B40,"") | U40: 0 | V40: 0 | W40: 0 | X40: 0 | Y40: =IF(Q40="Yes",IFERROR(W40/V40,"-"),"") | Z40: =IF(Q40="Yes",IFERROR(X40/V40,"-"),"") | AA40: 0
A41: TOF_Personalisation_06042026 | B41: 46119 | C41: =TEXT(B41,"yyyy-mm") -> 2026-04 | D41: Testing _Mumbai_ABO_ Campaign | E41: Test_1_TOF_060326 | F41: 46166 | G41: =Summary!$C$5-B41 -> 201 | H41: 2786.29 | I41: 11926 | J41: 18 | K41: 949 | L41: =IFERROR(J41/I41,"-") -> 0.0015093074 | M41: =IFERROR(K41/I41,"-") -> 0.07957404 | N41: =IFERROR(H41/I41*1000,"-") -> 233.63156 | O41: 0 | P41: =IFERROR(H41/O41,"-") -> - | Q41: No | S41: =IF(Q41="Yes",R41-B41,"") | U41: 0 | V41: 0 | W41: 0 | X41: 0 | Y41: =IF(Q41="Yes",IFERROR(W41/V41,"-"),"") | Z41: =IF(Q41="Yes",IFERROR(X41/V41,"-"),"") | AA41: 0
A42: TOF_This is How Gen Shops_06042026 | B42: 46119 | C42: =TEXT(B42,"yyyy-mm") -> 2026-04 | D42: Testing _Mumbai_ABO_ Campaign | E42: Test_1_TOF_060326 | F42: 46129 | G42: =Summary!$C$5-B42 -> 201 | H42: 6399.83 | I42: 27938 | J42: 69 | K42: 5264 | L42: =IFERROR(J42/I42,"-") -> 0.0024697545 | M42: =IFERROR(K42/I42,"-") -> 0.18841721 | N42: =IFERROR(H42/I42*1000,"-") -> 229.07259 | O42: 3 | P42: =IFERROR(H42/O42,"-") -> 2133.2767 | Q42: Yes | R42: 46127 | S42: =IF(Q42="Yes",R42-B42,"") -> 8 | T42: TOF CBO _Mumbai_CNV_060326 | U42: 37795.35 | V42: 223016 | W42: 629 | X42: 33410.2 | Y42: =IF(Q42="Yes",IFERROR(W42/V42,"-"),"") -> 0.0028204254 | Z42: =IF(Q42="Yes",IFERROR(X42/V42,"-"),"") -> 0.14981078 | AA42: 6
A43: Test - TOF_When a Creative Person_06042026 | B43: 46119 | C43: =TEXT(B43,"yyyy-mm") -> 2026-04 | D43: Testing _Mumbai_ABO_ Campaign | E43: Test_1_TOF_060326 | F43: 46120 | G43: =Summary!$C$5-B43 -> 201 | H43: 723.39 | I43: 3461 | J43: 22 | K43: 1416 | L43: =IFERROR(J43/I43,"-") -> 0.0063565444 | M43: =IFERROR(K43/I43,"-") -> 0.40913031 | N43: =IFERROR(H43/I43*1000,"-") -> 209.01185 | O43: 0 | P43: =IFERROR(H43/O43,"-") -> - | Q43: No | S43: =IF(Q43="Yes",R43-B43,"") | U43: 0 | V43: 0 | W43: 0 | X43: 0 | Y43: =IF(Q43="Yes",IFERROR(W43/V43,"-"),"") | Z43: =IF(Q43="Yes",IFERROR(X43/V43,"-"),"") | AA43: 0
A44: Test_Mayukhi_Carousel_110426 | B44: 46123 | C44: =TEXT(B44,"yyyy-mm") -> 2026-04 | D44: Testing _Mumbai_ABO_ Campaign | E44: Test_2_MOF_060326 | F44: 46125 | G44: =Summary!$C$5-B44 -> 197 | H44: 2150.71 | I44: 4106 | J44: 29 | K44: 195 | L44: =IFERROR(J44/I44,"-") -> 0.0070628349 | M44: =IFERROR(K44/I44,"-") -> 0.047491476 | N44: =IFERROR(H44/I44*1000,"-") -> 523.79688 | O44: 0 | P44: =IFERROR(H44/O44,"-") -> - | Q44: No | S44: =IF(Q44="Yes",R44-B44,"") | U44: 0 | V44: 0 | W44: 0 | X44: 0 | Y44: =IF(Q44="Yes",IFERROR(W44/V44,"-"),"") | Z44: =IF(Q44="Yes",IFERROR(X44/V44,"-"),"") | AA44: 0
A45: Test_MOF_Intelligence_150426 | B45: 46127 | C45: =TEXT(B45,"yyyy-mm") -> 2026-04 | D45: Testing _Mumbai_ABO_ Campaign | E45: Test_2_MOF_060326 | F45: 46132 | G45: =Summary!$C$5-B45 -> 193 | H45: 1450.75 | I45: 1683 | J45: 13 | K45: 236 | L45: =IFERROR(J45/I45,"-") -> 0.0077243018 | M45: =IFERROR(K45/I45,"-") -> 0.14022579 | N45: =IFERROR(H45/I45*1000,"-") -> 862.00238 | O45: 0 | P45: =IFERROR(H45/O45,"-") -> - | Q45: No | S45: =IF(Q45="Yes",R45-B45,"") | U45: 0 | V45: 0 | W45: 0 | X45: 0 | Y45: =IF(Q45="Yes",IFERROR(W45/V45,"-"),"") | Z45: =IF(Q45="Yes",IFERROR(X45/V45,"-"),"") | AA45: 0
A46: Test_MOF_QC_150426 | B46: 46127 | C46: =TEXT(B46,"yyyy-mm") -> 2026-04 | D46: Testing _Mumbai_ABO_ Campaign | E46: Test_2_MOF_060326 | F46: 46133 | G46: =Summary!$C$5-B46 -> 193 | H46: 3636.78 | I46: 7222 | J46: 52 | K46: 1094 | L46: =IFERROR(J46/I46,"-") -> 0.0072002215 | M46: =IFERROR(K46/I46,"-") -> 0.15148158 | N46: =IFERROR(H46/I46*1000,"-") -> 503.56965 | O46: 2 | P46: =IFERROR(H46/O46,"-") -> 1818.39 | Q46: Yes | R46: 46133 | S46: =IF(Q46="Yes",R46-B46,"") -> 6 | T46: MOF_ABO_Mumbai_CNV_211224 | U46: 16990.89 | V46: 42163 | W46: 165 | X46: 4305.28 | Y46: =IF(Q46="Yes",IFERROR(W46/V46,"-"),"") -> 0.0039133838 | Z46: =IF(Q46="Yes",IFERROR(X46/V46,"-"),"") -> 0.10211038 | AA46: 0
A47: Test_MOF_Rings Expert_150426 | B47: 46127 | C47: =TEXT(B47,"yyyy-mm") -> 2026-04 | D47: Testing _Mumbai_ABO_ Campaign | E47: Test_2_MOF_060326 | F47: 46133 | G47: =Summary!$C$5-B47 -> 193 | H47: 4816.02 | I47: 11824 | J47: 75 | K47: 1566 | L47: =IFERROR(J47/I47,"-") -> 0.0063430311 | M47: =IFERROR(K47/I47,"-") -> 0.13244249 | N47: =IFERROR(H47/I47*1000,"-") -> 407.30886 | O47: 1 | P47: =IFERROR(H47/O47,"-") -> 4816.02 | Q47: Yes | R47: 46133 | S47: =IF(Q47="Yes",R47-B47,"") -> 6 | T47: MOF_ABO_Mumbai_CNV_211224 | U47: 24327.68 | V47: 68121 | W47: 271 | X47: 6484.71 | Y47: =IF(Q47="Yes",IFERROR(W47/V47,"-"),"") -> 0.0039782152 | Z47: =IF(Q47="Yes",IFERROR(X47/V47,"-"),"") -> 0.095193993 | AA47: 4
A48: TOF_Test_Celeb Alia Eng RIng_150426 | B48: 46128 | C48: =TEXT(B48,"yyyy-mm") -> 2026-04 | D48: Testing _Mumbai_ABO_ Campaign | E48: Test_1_TOF_060326 | F48: 46133 | G48: =Summary!$C$5-B48 -> 192 | H48: 10394.47 | I48: 37117 | J48: 209 | K48: 11845 | L48: =IFERROR(J48/I48,"-") -> 0.005630843 | M48: =IFERROR(K48/I48,"-") -> 0.31912601 | N48: =IFERROR(H48/I48*1000,"-") -> 280.04607 | O48: 2 | P48: =IFERROR(H48/O48,"-") -> 5197.235 | Q48: Yes | R48: 46133 | S48: =IF(Q48="Yes",R48-B48,"") -> 5 | T48: TOF CBO _Mumbai_CNV_060326 | U48: 172806.81 | V48: 967259 | W48: 5889 | X48: 197713.57 | Y48: =IF(Q48="Yes",IFERROR(W48/V48,"-"),"") -> 0.0060883383 | Z48: =IF(Q48="Yes",IFERROR(X48/V48,"-"),"") -> 0.20440603 | AA48: 14
A49: TOF_Test_Solitaires_150426 | B49: 46128 | C49: =TEXT(B49,"yyyy-mm") -> 2026-04 | D49: Testing _Mumbai_ABO_ Campaign | E49: Test_1_TOF_060326 | F49: 46153 | G49: =Summary!$C$5-B49 -> 192 | H49: 3794.87 | I49: 12013 | J49: 52 | K49: 1062 | L49: =IFERROR(J49/I49,"-") -> 0.004328644 | M49: =IFERROR(K49/I49,"-") -> 0.088404229 | N49: =IFERROR(H49/I49*1000,"-") -> 315.89694 | O49: 0 | P49: =IFERROR(H49/O49,"-") -> - | Q49: No | S49: =IF(Q49="Yes",R49-B49,"") | U49: 0 | V49: 0 | W49: 0 | X49: 0 | Y49: =IF(Q49="Yes",IFERROR(W49/V49,"-"),"") | Z49: =IF(Q49="Yes",IFERROR(X49/V49,"-"),"") | AA49: 0
A50: TOF_Test_Textures_150426 | B50: 46128 | C50: =TEXT(B50,"yyyy-mm") -> 2026-04 | D50: Testing _Mumbai_ABO_ Campaign | E50: Test_1_TOF_060326 | F50: 46132 | G50: =Summary!$C$5-B50 -> 192 | H50: 2618.73 | I50: 8423 | J50: 64 | K50: 1456 | L50: =IFERROR(J50/I50,"-") -> 0.0075982429 | M50: =IFERROR(K50/I50,"-") -> 0.17286003 | N50: =IFERROR(H50/I50*1000,"-") -> 310.90229 | O50: 2 | P50: =IFERROR(H50/O50,"-") -> 1309.365 | Q50: No | S50: =IF(Q50="Yes",R50-B50,"") | U50: 0 | V50: 0 | W50: 0 | X50: 0 | Y50: =IF(Q50="Yes",IFERROR(W50/V50,"-"),"") | Z50: =IF(Q50="Yes",IFERROR(X50/V50,"-"),"") | AA50: 0
A51: TOF_Test_Couple RIngs _210426 | B51: 46134 | C51: =TEXT(B51,"yyyy-mm") -> 2026-04 | D51: Testing _Mumbai_ABO_ Campaign | E51: Test_1_TOF_060326 | F51: 46160 | G51: =Summary!$C$5-B51 -> 186 | H51: 16628.49 | I51: 55243 | J51: 398 | K51: 15424 | L51: =IFERROR(J51/I51,"-") -> 0.0072045327 | M51: =IFERROR(K51/I51,"-") -> 0.27920279 | N51: =IFERROR(H51/I51*1000,"-") -> 301.00628 | O51: 2 | P51: =IFERROR(H51/O51,"-") -> 8314.245 | Q51: Yes | R51: 46161 | S51: =IF(Q51="Yes",R51-B51,"") -> 27 | T51: MOF_ABO_Mumbai_CNV_211224 | U51: 259740.91 | V51: 988686 | W51: 17569 | X51: 198285.72 | Y51: =IF(Q51="Yes",IFERROR(W51/V51,"-"),"") -> 0.01777005 | Z51: =IF(Q51="Yes",IFERROR(X51/V51,"-"),"") -> 0.2005548 | AA51: 43
A52: TOF_Test_Kiaras Ring_210426 | B52: 46134 | C52: =TEXT(B52,"yyyy-mm") -> 2026-04 | D52: Testing _Mumbai_ABO_ Campaign | E52: Test_1_TOF_060326 | F52: 46148 | G52: =Summary!$C$5-B52 -> 186 | H52: 13072.47 | I52: 54627 | J52: 480 | K52: 13804 | L52: =IFERROR(J52/I52,"-") -> 0.0087868636 | M52: =IFERROR(K52/I52,"-") -> 0.25269555 | N52: =IFERROR(H52/I52*1000,"-") -> 239.30419 | O52: 0 | P52: =IFERROR(H52/O52,"-") -> - | Q52: No | S52: =IF(Q52="Yes",R52-B52,"") | U52: 0 | V52: 0 | W52: 0 | X52: 0 | Y52: =IF(Q52="Yes",IFERROR(W52/V52,"-"),"") | Z52: =IF(Q52="Yes",IFERROR(X52/V52,"-"),"") | AA52: 0
A53: TOF_Test_You only Buy Engagement Ring_210426 | B53: 46134 | C53: =TEXT(B53,"yyyy-mm") -> 2026-04 | D53: Testing _Mumbai_ABO_ Campaign | E53: Test_1_TOF_060326 | F53: 46140 | G53: =Summary!$C$5-B53 -> 186 | H53: 4134.74 | I53: 12946 | J53: 59 | K53: 1906 | L53: =IFERROR(J53/I53,"-") -> 0.0045573922 | M53: =IFERROR(K53/I53,"-") -> 0.14722694 | N53: =IFERROR(H53/I53*1000,"-") -> 319.38359 | O53: 6 | P53: =IFERROR(H53/O53,"-") -> 689.12333 | Q53: Yes | R53: 46140 | S53: =IF(Q53="Yes",R53-B53,"") -> 6 | T53: TOF CBO _Mumbai_CNV_060326 | U53: 124775.02 | V53: 806570 | W53: 3212 | X53: 101012.42 | Y53: =IF(Q53="Yes",IFERROR(W53/V53,"-"),"") -> 0.0039822954 | Z53: =IF(Q53="Yes",IFERROR(X53/V53,"-"),"") -> 0.12523702 | AA53: 14
A54: MOF_Carousel_1_250426 | B54: 46139 | C54: =TEXT(B54,"yyyy-mm") -> 2026-04 | D54: Testing _Mumbai_ABO_ Campaign | E54: Test_Carousel_Placement_250426 | F54: 46148 | G54: =Summary!$C$5-B54 -> 181 | H54: 15604.73 | I54: 24168 | J54: 181 | K54: 306 | L54: =IFERROR(J54/I54,"-") -> 0.007489242 | M54: =IFERROR(K54/I54,"-") -> 0.01266137 | N54: =IFERROR(H54/I54*1000,"-") -> 645.67734 | O54: 1 | P54: =IFERROR(H54/O54,"-") -> 15604.73 | Q54: No | S54: =IF(Q54="Yes",R54-B54,"") | U54: 0 | V54: 0 | W54: 0 | X54: 0 | Y54: =IF(Q54="Yes",IFERROR(W54/V54,"-"),"") | Z54: =IF(Q54="Yes",IFERROR(X54/V54,"-"),"") | AA54: 0
A55: TOF_Carousel_130426_1 | B55: 46142 | C55: =TEXT(B55,"yyyy-mm") -> 2026-04 | D55: Testing _Mumbai_ABO_ Campaign | E55: Test_Carousel_Placement_250426 | F55: 46142 | G55: =Summary!$C$5-B55 -> 178 | H55: 6.37 | I55: 22 | J55: 0 | K55: 0 | L55: =IFERROR(J55/I55,"-") -> 0 | M55: =IFERROR(K55/I55,"-") -> 0 | N55: =IFERROR(H55/I55*1000,"-") -> 289.54545 | O55: 0 | P55: =IFERROR(H55/O55,"-") -> - | Q55: No | S55: =IF(Q55="Yes",R55-B55,"") | U55: 0 | V55: 0 | W55: 0 | X55: 0 | Y55: =IF(Q55="Yes",IFERROR(W55/V55,"-"),"") | Z55: =IF(Q55="Yes",IFERROR(X55/V55,"-"),"") | AA55: 0
A56: TOF_Carousel_1_30426 | B56: 46142 | C56: =TEXT(B56,"yyyy-mm") -> 2026-04 | D56: Testing _Mumbai_ABO_ Campaign | E56: Test_Carousel_Placement_250426 | F56: 46148 | G56: =Summary!$C$5-B56 -> 178 | H56: 2827.1 | I56: 6815 | J56: 49 | K56: 453 | L56: =IFERROR(J56/I56,"-") -> 0.007190022 | M56: =IFERROR(K56/I56,"-") -> 0.06647102 | N56: =IFERROR(H56/I56*1000,"-") -> 414.83492 | O56: 1 | P56: =IFERROR(H56/O56,"-") -> 2827.1 | Q56: No | S56: =IF(Q56="Yes",R56-B56,"") | U56: 0 | V56: 0 | W56: 0 | X56: 0 | Y56: =IF(Q56="Yes",IFERROR(W56/V56,"-"),"") | Z56: =IF(Q56="Yes",IFERROR(X56/V56,"-"),"") | AA56: 0
A57: Test_BR_01_02052026 | B57: 46144 | C57: =TEXT(B57,"yyyy-mm") -> 2026-05 | D57: Testing _Mumbai_ABO_ Campaign | E57: Test_2_MOF_060326 | F57: 46148 | G57: =Summary!$C$5-B57 -> 176 | H57: 3146.31 | I57: 5578 | J57: 57 | K57: 989 | L57: =IFERROR(J57/I57,"-") -> 0.010218716 | M57: =IFERROR(K57/I57,"-") -> 0.17730369 | N57: =IFERROR(H57/I57*1000,"-") -> 564.05701 | O57: 0 | P57: =IFERROR(H57/O57,"-") -> - | Q57: No | S57: =IF(Q57="Yes",R57-B57,"") | U57: 0 | V57: 0 | W57: 0 | X57: 0 | Y57: =IF(Q57="Yes",IFERROR(W57/V57,"-"),"") | Z57: =IF(Q57="Yes",IFERROR(X57/V57,"-"),"") | AA57: 0
A58: Test_BR_02_02052026 | B58: 46144 | C58: =TEXT(B58,"yyyy-mm") -> 2026-05 | D58: Testing _Mumbai_ABO_ Campaign | E58: Test_2_MOF_060326 | F58: 46168 | G58: =Summary!$C$5-B58 -> 176 | H58: 8816.81 | I58: 24028 | J58: 111 | K58: 2389.83 | L58: =IFERROR(J58/I58,"-") -> 0.0046196105 | M58: =IFERROR(K58/I58,"-") -> 0.099460213 | N58: =IFERROR(H58/I58*1000,"-") -> 366.93899 | O58: 4 | P58: =IFERROR(H58/O58,"-") -> 2204.2025 | Q58: No | S58: =IF(Q58="Yes",R58-B58,"") | U58: 0 | V58: 0 | W58: 0 | X58: 0 | Y58: =IF(Q58="Yes",IFERROR(W58/V58,"-"),"") | Z58: =IF(Q58="Yes",IFERROR(X58/V58,"-"),"") | AA58: 0
A59: Test_BR_03_02052026 | B59: 46144 | C59: =TEXT(B59,"yyyy-mm") -> 2026-05 | D59: Testing _Mumbai_ABO_ Campaign | E59: Test_2_MOF_060326 | F59: 46155 | G59: =Summary!$C$5-B59 -> 176 | H59: 7953.61 | I59: 22676 | J59: 147 | K59: 2496 | L59: =IFERROR(J59/I59,"-") -> 0.0064826248 | M59: =IFERROR(K59/I59,"-") -> 0.11007232 | N59: =IFERROR(H59/I59*1000,"-") -> 350.75013 | O59: 4 | P59: =IFERROR(H59/O59,"-") -> 1988.4025 | Q59: Yes | R59: 46149 | S59: =IF(Q59="Yes",R59-B59,"") -> 5 | T59: MOF_ABO_Mumbai_CNV_211224 | U59: 39456.43 | V59: 121980 | W59: 523 | X59: 12024 | Y59: =IF(Q59="Yes",IFERROR(W59/V59,"-"),"") -> 0.0042875881 | Z59: =IF(Q59="Yes",IFERROR(X59/V59,"-"),"") -> 0.098573537 | AA59: 8
A60: Test_BR_04_02052026 | B60: 46144 | C60: =TEXT(B60,"yyyy-mm") -> 2026-05 | D60: Testing _Mumbai_ABO_ Campaign | E60: Test_2_MOF_060326 | F60: 46148 | G60: =Summary!$C$5-B60 -> 176 | H60: 6632.87 | I60: 22721 | J60: 115 | K60: 3403 | L60: =IFERROR(J60/I60,"-") -> 0.0050613969 | M60: =IFERROR(K60/I60,"-") -> 0.14977334 | N60: =IFERROR(H60/I60*1000,"-") -> 291.92685 | O60: 2 | P60: =IFERROR(H60/O60,"-") -> 3316.435 | Q60: No | S60: =IF(Q60="Yes",R60-B60,"") | U60: 0 | V60: 0 | W60: 0 | X60: 0 | Y60: =IF(Q60="Yes",IFERROR(W60/V60,"-"),"") | Z60: =IF(Q60="Yes",IFERROR(X60/V60,"-"),"") | AA60: 0
A61: Test_BR_05_02052026 | B61: 46144 | C61: =TEXT(B61,"yyyy-mm") -> 2026-05 | D61: Testing _Mumbai_ABO_ Campaign | E61: Test_2_MOF_060326 | F61: 46154 | G61: =Summary!$C$5-B61 -> 176 | H61: 2069.74 | I61: 4388 | J61: 32 | K61: 457 | L61: =IFERROR(J61/I61,"-") -> 0.0072926162 | M61: =IFERROR(K61/I61,"-") -> 0.10414768 | N61: =IFERROR(H61/I61*1000,"-") -> 471.68186 | O61: 2 | P61: =IFERROR(H61/O61,"-") -> 1034.87 | Q61: No | S61: =IF(Q61="Yes",R61-B61,"") | U61: 0 | V61: 0 | W61: 0 | X61: 0 | Y61: =IF(Q61="Yes",IFERROR(W61/V61,"-"),"") | Z61: =IF(Q61="Yes",IFERROR(X61/V61,"-"),"") | AA61: 0
A62: Test_TOF_BR_1_0202526 | B62: 46144 | C62: =TEXT(B62,"yyyy-mm") -> 2026-05 | D62: Testing _Mumbai_ABO_ Campaign | E62: Test_1_TOF_060326 | F62: 46154 | G62: =Summary!$C$5-B62 -> 176 | H62: 7416.41 | I62: 36702 | J62: 196 | K62: 7601 | L62: =IFERROR(J62/I62,"-") -> 0.0053403084 | M62: =IFERROR(K62/I62,"-") -> 0.20710043 | N62: =IFERROR(H62/I62*1000,"-") -> 202.071 | O62: 2 | P62: =IFERROR(H62/O62,"-") -> 3708.205 | Q62: No | S62: =IF(Q62="Yes",R62-B62,"") | U62: 0 | V62: 0 | W62: 0 | X62: 0 | Y62: =IF(Q62="Yes",IFERROR(W62/V62,"-"),"") | Z62: =IF(Q62="Yes",IFERROR(X62/V62,"-"),"") | AA62: 0
A63: Test_TOF_BR_2_020526 | B63: 46144 | C63: =TEXT(B63,"yyyy-mm") -> 2026-05 | D63: Testing _Mumbai_ABO_ Campaign | E63: Test_1_TOF_060326 | F63: 46148 | G63: =Summary!$C$5-B63 -> 176 | H63: 2706.85 | I63: 11509 | J63: 29 | K63: 2069 | L63: =IFERROR(J63/I63,"-") -> 0.0025197671 | M63: =IFERROR(K63/I63,"-") -> 0.17977235 | N63: =IFERROR(H63/I63*1000,"-") -> 235.1942 | O63: 0 | P63: =IFERROR(H63/O63,"-") -> - | Q63: No | S63: =IF(Q63="Yes",R63-B63,"") | U63: 0 | V63: 0 | W63: 0 | X63: 0 | Y63: =IF(Q63="Yes",IFERROR(W63/V63,"-"),"") | Z63: =IF(Q63="Yes",IFERROR(X63/V63,"-"),"") | AA63: 0
A64: Test_TOF_BR_3_020526 | B64: 46144 | C64: =TEXT(B64,"yyyy-mm") -> 2026-05 | D64: Testing _Mumbai_ABO_ Campaign | E64: Test_1_TOF_060326 | F64: 46160 | G64: =Summary!$C$5-B64 -> 176 | H64: 7932.09 | I64: 25832 | J64: 61 | K64: 3424 | L64: =IFERROR(J64/I64,"-") -> 0.0023614122 | M64: =IFERROR(K64/I64,"-") -> 0.13254878 | N64: =IFERROR(H64/I64*1000,"-") -> 307.06449 | O64: 2 | P64: =IFERROR(H64/O64,"-") -> 3966.045 | Q64: No | S64: =IF(Q64="Yes",R64-B64,"") | U64: 0 | V64: 0 | W64: 0 | X64: 0 | Y64: =IF(Q64="Yes",IFERROR(W64/V64,"-"),"") | Z64: =IF(Q64="Yes",IFERROR(X64/V64,"-"),"") | AA64: 0
A65: Test_TOF_BR_4_020526 | B65: 46144 | C65: =TEXT(B65,"yyyy-mm") -> 2026-05 | D65: Testing _Mumbai_ABO_ Campaign | E65: Test_1_TOF_060326 | F65: 46149 | G65: =Summary!$C$5-B65 -> 176 | H65: 4328.66 | I65: 15073 | J65: 50 | K65: 1983 | L65: =IFERROR(J65/I65,"-") -> 0.0033171897 | M65: =IFERROR(K65/I65,"-") -> 0.13155974 | N65: =IFERROR(H65/I65*1000,"-") -> 287.17973 | O65: 4 | P65: =IFERROR(H65/O65,"-") -> 1082.165 | Q65: Yes | R65: 46149 | S65: =IF(Q65="Yes",R65-B65,"") -> 5 | T65: TOF CBO _Mumbai_CNV_060326 | U65: 32601.28 | V65: 164353 | W65: 475 | X65: 18362 | Y65: =IF(Q65="Yes",IFERROR(W65/V65,"-"),"") -> 0.0028901207 | Z65: =IF(Q65="Yes",IFERROR(X65/V65,"-"),"") -> 0.11172294 | AA65: 5
A66: MOF_Carousel_BR_1 | B66: 46145 | C66: =TEXT(B66,"yyyy-mm") -> 2026-05 | D66: Testing _Mumbai_ABO_ Campaign | E66: Test_Carousel_Placement_250426 | F66: 46159 | G66: =Summary!$C$5-B66 -> 175 | H66: 1327.68 | I66: 3281 | J66: 13 | K66: 168 | L66: =IFERROR(J66/I66,"-") -> 0.0039622066 | M66: =IFERROR(K66/I66,"-") -> 0.051203901 | N66: =IFERROR(H66/I66*1000,"-") -> 404.65712 | O66: 0 | P66: =IFERROR(H66/O66,"-") -> - | Q66: No | S66: =IF(Q66="Yes",R66-B66,"") | U66: 0 | V66: 0 | W66: 0 | X66: 0 | Y66: =IF(Q66="Yes",IFERROR(W66/V66,"-"),"") | Z66: =IF(Q66="Yes",IFERROR(X66/V66,"-"),"") | AA66: 0
A67: Test_TOF_BR_5_020526 | B67: 46145 | C67: =TEXT(B67,"yyyy-mm") -> 2026-05 | D67: Testing _Mumbai_ABO_ Campaign | E67: Test_1_TOF_060326 | F67: 46159 | G67: =Summary!$C$5-B67 -> 175 | H67: 1983.63 | I67: 7175 | J67: 17 | K67: 809 | L67: =IFERROR(J67/I67,"-") -> 0.002369338 | M67: =IFERROR(K67/I67,"-") -> 0.11275261 | N67: =IFERROR(H67/I67*1000,"-") -> 276.46411 | O67: 0 | P67: =IFERROR(H67/O67,"-") -> - | Q67: No | S67: =IF(Q67="Yes",R67-B67,"") | U67: 0 | V67: 0 | W67: 0 | X67: 0 | Y67: =IF(Q67="Yes",IFERROR(W67/V67,"-"),"") | Z67: =IF(Q67="Yes",IFERROR(X67/V67,"-"),"") | AA67: 0
A68: MOF_Carousel_BR_2 | B68: 46146 | C68: =TEXT(B68,"yyyy-mm") -> 2026-05 | D68: Testing _Mumbai_ABO_ Campaign | E68: Test_Carousel_Placement_250426 | F68: 46160 | G68: =Summary!$C$5-B68 -> 174 | H68: 21514.45 | I68: 46416 | J68: 480 | K68: 2516 | L68: =IFERROR(J68/I68,"-") -> 0.010341262 | M68: =IFERROR(K68/I68,"-") -> 0.054205446 | N68: =IFERROR(H68/I68*1000,"-") -> 463.51366 | O68: 7 | P68: =IFERROR(H68/O68,"-") -> 3073.4929 | Q68: No | S68: =IF(Q68="Yes",R68-B68,"") | U68: 0 | V68: 0 | W68: 0 | X68: 0 | Y68: =IF(Q68="Yes",IFERROR(W68/V68,"-"),"") | Z68: =IF(Q68="Yes",IFERROR(X68/V68,"-"),"") | AA68: 0
A69: Test_TOF_BR_6_D3-V3_060526 | B69: 46149 | C69: =TEXT(B69,"yyyy-mm") -> 2026-05 | D69: Testing _Mumbai_ABO_ Campaign | E69: Test_1_TOF_060326 | F69: 46154 | G69: =Summary!$C$5-B69 -> 171 | H69: 8859.21 | I69: 40219 | J69: 133 | K69: 4551 | L69: =IFERROR(J69/I69,"-") -> 0.0033068948 | M69: =IFERROR(K69/I69,"-") -> 0.11315547 | N69: =IFERROR(H69/I69*1000,"-") -> 220.27425 | O69: 2 | P69: =IFERROR(H69/O69,"-") -> 4429.605 | Q69: No | S69: =IF(Q69="Yes",R69-B69,"") | U69: 0 | V69: 0 | W69: 0 | X69: 0 | Y69: =IF(Q69="Yes",IFERROR(W69/V69,"-"),"") | Z69: =IF(Q69="Yes",IFERROR(X69/V69,"-"),"") | AA69: 0
A70: Test_TOF_BR_7_D3-V2_060526 | B70: 46149 | C70: =TEXT(B70,"yyyy-mm") -> 2026-05 | D70: Testing _Mumbai_ABO_ Campaign | E70: Test_1_TOF_060326 | F70: 46154 | G70: =Summary!$C$5-B70 -> 171 | H70: 3101.91 | I70: 10310 | J70: 35 | K70: 1699 | L70: =IFERROR(J70/I70,"-") -> 0.0033947624 | M70: =IFERROR(K70/I70,"-") -> 0.16479146 | N70: =IFERROR(H70/I70*1000,"-") -> 300.86421 | O70: 0 | P70: =IFERROR(H70/O70,"-") -> - | Q70: No | S70: =IF(Q70="Yes",R70-B70,"") | U70: 0 | V70: 0 | W70: 0 | X70: 0 | Y70: =IF(Q70="Yes",IFERROR(W70/V70,"-"),"") | Z70: =IF(Q70="Yes",IFERROR(X70/V70,"-"),"") | AA70: 0
A71: Test_TOF_BR_8_D3-V5_060526 | B71: 46149 | C71: =TEXT(B71,"yyyy-mm") -> 2026-05 | D71: Testing _Mumbai_ABO_ Campaign | E71: Test_1_TOF_060326 | F71: 46160 | G71: =Summary!$C$5-B71 -> 171 | H71: 4689.28 | I71: 26183 | J71: 144 | K71: 3720 | L71: =IFERROR(J71/I71,"-") -> 0.0054997517 | M71: =IFERROR(K71/I71,"-") -> 0.14207692 | N71: =IFERROR(H71/I71*1000,"-") -> 179.09636 | O71: 2 | P71: =IFERROR(H71/O71,"-") -> 2344.64 | Q71: No | S71: =IF(Q71="Yes",R71-B71,"") | U71: 0 | V71: 0 | W71: 0 | X71: 0 | Y71: =IF(Q71="Yes",IFERROR(W71/V71,"-"),"") | Z71: =IF(Q71="Yes",IFERROR(X71/V71,"-"),"") | AA71: 0
A72: Test_TOF_Victoria Beckhams Enagagement Ring | B72: 46149 | C72: =TEXT(B72,"yyyy-mm") -> 2026-05 | D72: Testing _Mumbai_ABO_ Campaign | E72: Test_1_TOF_060326 | F72: 46155 | G72: =Summary!$C$5-B72 -> 171 | H72: 6296.01 | I72: 34279 | J72: 324 | K72: 11643 | L72: =IFERROR(J72/I72,"-") -> 0.009451851 | M72: =IFERROR(K72/I72,"-") -> 0.33965402 | N72: =IFERROR(H72/I72*1000,"-") -> 183.66959 | O72: 2 | P72: =IFERROR(H72/O72,"-") -> 3148.005 | Q72: Yes | R72: 46155 | S72: =IF(Q72="Yes",R72-B72,"") -> 6 | T72: TOF CBO _Mumbai_CNV_060326 | U72: 30305.28 | V72: 464774 | W72: 1114 | X72: 69784.94 | Y72: =IF(Q72="Yes",IFERROR(W72/V72,"-"),"") -> 0.0023968639 | Z72: =IF(Q72="Yes",IFERROR(X72/V72,"-"),"") -> 0.15014811 | AA72: 3
A73: Test_TOF_start building_BYOR | B73: 46149 | C73: =TEXT(B73,"yyyy-mm") -> 2026-05 | D73: Testing _Mumbai_ABO_ Campaign | E73: Test_1_TOF_060326 | F73: 46154 | G73: =Summary!$C$5-B73 -> 171 | H73: 9609.07 | I73: 42038 | J73: 205 | K73: 10546 | L73: =IFERROR(J73/I73,"-") -> 0.0048765403 | M73: =IFERROR(K73/I73,"-") -> 0.25086826 | N73: =IFERROR(H73/I73*1000,"-") -> 228.58057 | O73: 0 | P73: =IFERROR(H73/O73,"-") -> - | Q73: No | S73: =IF(Q73="Yes",R73-B73,"") | U73: 0 | V73: 0 | W73: 0 | X73: 0 | Y73: =IF(Q73="Yes",IFERROR(W73/V73,"-"),"") | Z73: =IF(Q73="Yes",IFERROR(X73/V73,"-"),"") | AA73: 0
A74: Test__MOF_D3-V8_070526 | B74: 46149 | C74: =TEXT(B74,"yyyy-mm") -> 2026-05 | D74: Testing _Mumbai_ABO_ Campaign | E74: Test_2_MOF_060326 | F74: 46154 | G74: =Summary!$C$5-B74 -> 171 | H74: 5805.04 | I74: 13690 | J74: 60 | K74: 1815 | L74: =IFERROR(J74/I74,"-") -> 0.0043827611 | M74: =IFERROR(K74/I74,"-") -> 0.13257852 | N74: =IFERROR(H74/I74*1000,"-") -> 424.03506 | O74: 0 | P74: =IFERROR(H74/O74,"-") -> - | Q74: No | S74: =IF(Q74="Yes",R74-B74,"") | U74: 0 | V74: 0 | W74: 0 | X74: 0 | Y74: =IF(Q74="Yes",IFERROR(W74/V74,"-"),"") | Z74: =IF(Q74="Yes",IFERROR(X74/V74,"-"),"") | AA74: 0
A75: Test__MOF_D3V6_070526 | B75: 46149 | C75: =TEXT(B75,"yyyy-mm") -> 2026-05 | D75: Testing _Mumbai_ABO_ Campaign | E75: Test_2_MOF_060326 | F75: 46154 | G75: =Summary!$C$5-B75 -> 171 | H75: 4517.25 | I75: 4649 | J75: 34 | K75: 555 | L75: =IFERROR(J75/I75,"-") -> 0.0073134007 | M75: =IFERROR(K75/I75,"-") -> 0.11938051 | N75: =IFERROR(H75/I75*1000,"-") -> 971.66057 | O75: 0 | P75: =IFERROR(H75/O75,"-") -> - | Q75: No | S75: =IF(Q75="Yes",R75-B75,"") | U75: 0 | V75: 0 | W75: 0 | X75: 0 | Y75: =IF(Q75="Yes",IFERROR(W75/V75,"-"),"") | Z75: =IF(Q75="Yes",IFERROR(X75/V75,"-"),"") | AA75: 0
A76: Test__MOF_Unique types of Bands_070526 | B76: 46149 | C76: =TEXT(B76,"yyyy-mm") -> 2026-05 | D76: Testing _Mumbai_ABO_ Campaign | E76: Test_2_MOF_060326 | F76: 46154 | G76: =Summary!$C$5-B76 -> 171 | H76: 9644.91 | I76: 25215 | J76: 184 | K76: 5928 | L76: =IFERROR(J76/I76,"-") -> 0.0072972437 | M76: =IFERROR(K76/I76,"-") -> 0.23509816 | N76: =IFERROR(H76/I76*1000,"-") -> 382.50684 | O76: 2 | P76: =IFERROR(H76/O76,"-") -> 4822.455 | Q76: No | S76: =IF(Q76="Yes",R76-B76,"") | U76: 0 | V76: 0 | W76: 0 | X76: 0 | Y76: =IF(Q76="Yes",IFERROR(W76/V76,"-"),"") | Z76: =IF(Q76="Yes",IFERROR(X76/V76,"-"),"") | AA76: 0
A77: Andheri_Test_FC_080526 | B77: 46151 | C77: =TEXT(B77,"yyyy-mm") -> 2026-05 | D77: Testing _Mumbai_ABO_ Campaign | E77: Testing_AndheriStore_NS_080526 | F77: 46167 | G77: =Summary!$C$5-B77 -> 169 | H77: 831.79 | I77: 6434 | J77: 38 | K77: 0 | L77: =IFERROR(J77/I77,"-") -> 0.0059061237 | M77: =IFERROR(K77/I77,"-") -> 0 | N77: =IFERROR(H77/I77*1000,"-") -> 129.28039 | O77: 0 | P77: =IFERROR(H77/O77,"-") -> - | Q77: No | S77: =IF(Q77="Yes",R77-B77,"") | U77: 0 | V77: 0 | W77: 0 | X77: 0 | Y77: =IF(Q77="Yes",IFERROR(W77/V77,"-"),"") | Z77: =IF(Q77="Yes",IFERROR(X77/V77,"-"),"") | AA77: 0
A78: Andheri_Test_FC_080526_2 | B78: 46151 | C78: =TEXT(B78,"yyyy-mm") -> 2026-05 | D78: Testing _Mumbai_ABO_ Campaign | E78: Testing_AndheriStore_NS_080526 | F78: 46165 | G78: =Summary!$C$5-B78 -> 169 | H78: 3921.3 | I78: 47625 | J78: 209 | K78: 0 | L78: =IFERROR(J78/I78,"-") -> 0.0043884514 | M78: =IFERROR(K78/I78,"-") -> 0 | N78: =IFERROR(H78/I78*1000,"-") -> 82.337008 | O78: 0 | P78: =IFERROR(H78/O78,"-") -> - | Q78: No | S78: =IF(Q78="Yes",R78-B78,"") | U78: 0 | V78: 0 | W78: 0 | X78: 0 | Y78: =IF(Q78="Yes",IFERROR(W78/V78,"-"),"") | Z78: =IF(Q78="Yes",IFERROR(X78/V78,"-"),"") | AA78: 0
A79: Andheri_Test_FC_080526_GIF | B79: 46151 | C79: =TEXT(B79,"yyyy-mm") -> 2026-05 | D79: Testing _Mumbai_ABO_ Campaign | E79: Testing_AndheriStore_NS_080526 | F79: 46167 | G79: =Summary!$C$5-B79 -> 169 | H79: 8507.64 | I79: 204271 | J79: 391 | K79: 10226.07 | L79: =IFERROR(J79/I79,"-") -> 0.0019141239 | M79: =IFERROR(K79/I79,"-") -> 0.050061291 | N79: =IFERROR(H79/I79*1000,"-") -> 41.64879 | O79: 2 | P79: =IFERROR(H79/O79,"-") -> 4253.82 | Q79: No | S79: =IF(Q79="Yes",R79-B79,"") | U79: 0 | V79: 0 | W79: 0 | X79: 0 | Y79: =IF(Q79="Yes",IFERROR(W79/V79,"-"),"") | Z79: =IF(Q79="Yes",IFERROR(X79/V79,"-"),"") | AA79: 0
A80: Test_Mayukhis Carousel_Updated_090526 | B80: 46151 | C80: =TEXT(B80,"yyyy-mm") -> 2026-05 | D80: Testing _Mumbai_ABO_ Campaign | E80: Test_Carousel_Placement_250426 | F80: 46160 | G80: =Summary!$C$5-B80 -> 169 | H80: 11716.11 | I80: 27337 | J80: 132 | K80: 2170 | L80: =IFERROR(J80/I80,"-") -> 0.0048286206 | M80: =IFERROR(K80/I80,"-") -> 0.079379595 | N80: =IFERROR(H80/I80*1000,"-") -> 428.58068 | O80: 1 | P80: =IFERROR(H80/O80,"-") -> 11716.11 | Q80: No | S80: =IF(Q80="Yes",R80-B80,"") | U80: 0 | V80: 0 | W80: 0 | X80: 0 | Y80: =IF(Q80="Yes",IFERROR(W80/V80,"-"),"") | Z80: =IF(Q80="Yes",IFERROR(X80/V80,"-"),"") | AA80: 0
A81: Test_MOF_BR_D4V3_13052026 | B81: 46155 | C81: =TEXT(B81,"yyyy-mm") -> 2026-05 | D81: Testing _Mumbai_ABO_ Campaign | E81: Test_2_MOF_060326 | F81: 46160 | G81: =Summary!$C$5-B81 -> 165 | H81: 2739.64 | I81: 7529 | J81: 41 | K81: 1138 | L81: =IFERROR(J81/I81,"-") -> 0.0054456103 | M81: =IFERROR(K81/I81,"-") -> 0.15114889 | N81: =IFERROR(H81/I81*1000,"-") -> 363.87834 | O81: 0 | P81: =IFERROR(H81/O81,"-") -> - | Q81: No | S81: =IF(Q81="Yes",R81-B81,"") | U81: 0 | V81: 0 | W81: 0 | X81: 0 | Y81: =IF(Q81="Yes",IFERROR(W81/V81,"-"),"") | Z81: =IF(Q81="Yes",IFERROR(X81/V81,"-"),"") | AA81: 0
A82: Test_MOF_BR_D4V4_12052026 | B82: 46155 | C82: =TEXT(B82,"yyyy-mm") -> 2026-05 | D82: Testing _Mumbai_ABO_ Campaign | E82: Test_2_MOF_060326 | F82: 46161 | G82: =Summary!$C$5-B82 -> 165 | H82: 10709.01 | I82: 28932 | J82: 178 | K82: 7285 | L82: =IFERROR(J82/I82,"-") -> 0.0061523573 | M82: =IFERROR(K82/I82,"-") -> 0.25179732 | N82: =IFERROR(H82/I82*1000,"-") -> 370.14413 | O82: 0 | P82: =IFERROR(H82/O82,"-") -> - | Q82: Yes | R82: 46161 | S82: =IF(Q82="Yes",R82-B82,"") -> 6 | T82: MOF_ABO_Mumbai_CNV_211224 | U82: 98437.15 | V82: 567650 | W82: 3584 | X82: 122149.47 | Y82: =IF(Q82="Yes",IFERROR(W82/V82,"-"),"") -> 0.0063137497 | Z82: =IF(Q82="Yes",IFERROR(X82/V82,"-"),"") -> 0.21518448 | AA82: 18
A83: Test_MOF_BR_D4V8_12052026 | B83: 46155 | C83: =TEXT(B83,"yyyy-mm") -> 2026-05 | D83: Testing _Mumbai_ABO_ Campaign | E83: Test_2_MOF_060326 | F83: 46160 | G83: =Summary!$C$5-B83 -> 165 | H83: 12818.69 | I83: 25770 | J83: 134 | K83: 3123 | L83: =IFERROR(J83/I83,"-") -> 0.0051998448 | M83: =IFERROR(K83/I83,"-") -> 0.12118743 | N83: =IFERROR(H83/I83*1000,"-") -> 497.42685 | O83: 3 | P83: =IFERROR(H83/O83,"-") -> 4272.8967 | Q83: No | S83: =IF(Q83="Yes",R83-B83,"") | U83: 0 | V83: 0 | W83: 0 | X83: 0 | Y83: =IF(Q83="Yes",IFERROR(W83/V83,"-"),"") | Z83: =IF(Q83="Yes",IFERROR(X83/V83,"-"),"") | AA83: 0
A84: Test_ICP_BR_D5_V7 | B84: 46156 | C84: =TEXT(B84,"yyyy-mm") -> 2026-05 | D84: Testing _Mumbai_ABO_ Campaign | E84: Test_ICP_SG_13052026 | F84: 46167 | G84: =Summary!$C$5-B84 -> 164 | H84: 8560.48 | I84: 60340 | J84: 277 | K84: 16073.98 | L84: =IFERROR(J84/I84,"-") -> 0.004590653 | M84: =IFERROR(K84/I84,"-") -> 0.26639012 | N84: =IFERROR(H84/I84*1000,"-") -> 141.87073 | O84: 0 | P84: =IFERROR(H84/O84,"-") -> - | Q84: No | S84: =IF(Q84="Yes",R84-B84,"") | U84: 0 | V84: 0 | W84: 0 | X84: 0 | Y84: =IF(Q84="Yes",IFERROR(W84/V84,"-"),"") | Z84: =IF(Q84="Yes",IFERROR(X84/V84,"-"),"") | AA84: 0
A85: Test_ICP_BR_D5_v1_140526 | B85: 46156 | C85: =TEXT(B85,"yyyy-mm") -> 2026-05 | D85: Testing _Mumbai_ABO_ Campaign | E85: Test_ICP_WAnn_13052026 | F85: 46167 | G85: =Summary!$C$5-B85 -> 164 | H85: 769.44 | I85: 8364 | J85: 81 | K85: 448 | L85: =IFERROR(J85/I85,"-") -> 0.0096843615 | M85: =IFERROR(K85/I85,"-") -> 0.053562889 | N85: =IFERROR(H85/I85*1000,"-") -> 91.994261 | O85: 0 | P85: =IFERROR(H85/O85,"-") -> - | Q85: No | S85: =IF(Q85="Yes",R85-B85,"") | U85: 0 | V85: 0 | W85: 0 | X85: 0 | Y85: =IF(Q85="Yes",IFERROR(W85/V85,"-"),"") | Z85: =IF(Q85="Yes",IFERROR(X85/V85,"-"),"") | AA85: 0
A86: Test_ICP_BR_D5_v4_140526 | B86: 46156 | C86: =TEXT(B86,"yyyy-mm") -> 2026-05 | D86: Testing _Mumbai_ABO_ Campaign | E86: Test_ICP_SG_13052026 | F86: 46167 | G86: =Summary!$C$5-B86 -> 164 | H86: 616.9 | I86: 1442 | J86: 0 | K86: 237.99 | L86: =IFERROR(J86/I86,"-") -> 0 | M86: =IFERROR(K86/I86,"-") -> 0.16504161 | N86: =IFERROR(H86/I86*1000,"-") -> 427.8086 | O86: 0 | P86: =IFERROR(H86/O86,"-") -> - | Q86: No | S86: =IF(Q86="Yes",R86-B86,"") | U86: 0 | V86: 0 | W86: 0 | X86: 0 | Y86: =IF(Q86="Yes",IFERROR(W86/V86,"-"),"") | Z86: =IF(Q86="Yes",IFERROR(X86/V86,"-"),"") | AA86: 0
A87: Test_ICP_BR__D5_V6 | B87: 46156 | C87: =TEXT(B87,"yyyy-mm") -> 2026-05 | D87: Testing _Mumbai_ABO_ Campaign | E87: Test_ICP_SG_13052026 | F87: 46167 | G87: =Summary!$C$5-B87 -> 164 | H87: 790.55 | I87: 2494 | J87: 11 | K87: 398 | L87: =IFERROR(J87/I87,"-") -> 0.0044105854 | M87: =IFERROR(K87/I87,"-") -> 0.159583 | N87: =IFERROR(H87/I87*1000,"-") -> 316.98075 | O87: 0 | P87: =IFERROR(H87/O87,"-") -> - | Q87: No | S87: =IF(Q87="Yes",R87-B87,"") | U87: 0 | V87: 0 | W87: 0 | X87: 0 | Y87: =IF(Q87="Yes",IFERROR(W87/V87,"-"),"") | Z87: =IF(Q87="Yes",IFERROR(X87/V87,"-"),"") | AA87: 0
A88: Test_ICP_BR_d4_V10_140526 | B88: 46156 | C88: =TEXT(B88,"yyyy-mm") -> 2026-05 | D88: Testing _Mumbai_ABO_ Campaign | E88: Test_ICP_WAnn_13052026 | F88: 46167 | G88: =Summary!$C$5-B88 -> 164 | H88: 10377.55 | I88: 126254 | J88: 1330 | K88: 7092.06 | L88: =IFERROR(J88/I88,"-") -> 0.01053432 | M88: =IFERROR(K88/I88,"-") -> 0.056172953 | N88: =IFERROR(H88/I88*1000,"-") -> 82.195812 | O88: 3 | P88: =IFERROR(H88/O88,"-") -> 3459.1833 | Q88: No | S88: =IF(Q88="Yes",R88-B88,"") | U88: 0 | V88: 0 | W88: 0 | X88: 0 | Y88: =IF(Q88="Yes",IFERROR(W88/V88,"-"),"") | Z88: =IF(Q88="Yes",IFERROR(X88/V88,"-"),"") | AA88: 0
A89: Test_ICP_Who Designed Your Ring | B89: 46156 | C89: =TEXT(B89,"yyyy-mm") -> 2026-05 | D89: Testing _Mumbai_ABO_ Campaign | E89: Test_ICP_SG_13052026 | F89: 46166 | G89: =Summary!$C$5-B89 -> 164 | H89: 1024.7 | I89: 4311 | J89: 6 | K89: 546 | L89: =IFERROR(J89/I89,"-") -> 0.0013917884 | M89: =IFERROR(K89/I89,"-") -> 0.12665275 | N89: =IFERROR(H89/I89*1000,"-") -> 237.69427 | O89: 0 | P89: =IFERROR(H89/O89,"-") -> - | Q89: No | S89: =IF(Q89="Yes",R89-B89,"") | U89: 0 | V89: 0 | W89: 0 | X89: 0 | Y89: =IF(Q89="Yes",IFERROR(W89/V89,"-"),"") | Z89: =IF(Q89="Yes",IFERROR(X89/V89,"-"),"") | AA89: 0
A90: Test_Ring Size Cal_14052026 | B90: 46157 | C90: =TEXT(B90,"yyyy-mm") -> 2026-05 | D90: Testing _Mumbai_ABO_ Campaign | E90: Test_1_TOF_060326 | F90: 46160 | G90: =Summary!$C$5-B90 -> 163 | H90: 13048.19 | I90: 78892 | J90: 630 | K90: 32617 | L90: =IFERROR(J90/I90,"-") -> 0.0079856006 | M90: =IFERROR(K90/I90,"-") -> 0.41343862 | N90: =IFERROR(H90/I90*1000,"-") -> 165.39307 | O90: 1 | P90: =IFERROR(H90/O90,"-") -> 13048.19 | Q90: No | S90: =IF(Q90="Yes",R90-B90,"") | U90: 0 | V90: 0 | W90: 0 | X90: 0 | Y90: =IF(Q90="Yes",IFERROR(W90/V90,"-"),"") | Z90: =IF(Q90="Yes",IFERROR(X90/V90,"-"),"") | AA90: 0
A91: Engagement rings Do's & Don'ts _180526 | B91: 46161 | C91: =TEXT(B91,"yyyy-mm") -> 2026-05 | D91: TOF_Mumbai_testing_Recall_210426 | E91: New Prospects – Copy | F91: 46206 | G91: =Summary!$C$5-B91 -> 159 | H91: 185775.74 | I91: 58324112 | J91: 28947 | K91: 3275035.8 | L91: =IFERROR(J91/I91,"-") -> 0.00049631274 | M91: =IFERROR(K91/I91,"-") -> 0.056152347 | N91: =IFERROR(H91/I91*1000,"-") -> 3.1852305 | O91: 0 | P91: =IFERROR(H91/O91,"-") -> - | Q91: No | S91: =IF(Q91="Yes",R91-B91,"") | U91: 0 | V91: 0 | W91: 0 | X91: 0 | Y91: =IF(Q91="Yes",IFERROR(W91/V91,"-"),"") | Z91: =IF(Q91="Yes",IFERROR(X91/V91,"-"),"") | AA91: 0
A92: TOF_Test_D4V7_19052026 | B92: 46161 | C92: =TEXT(B92,"yyyy-mm") -> 2026-05 | D92: Testing _Mumbai_ABO_ Campaign | E92: Test_1_TOF_060326 | F92: 46168 | G92: =Summary!$C$5-B92 -> 159 | H92: 4884.38 | I92: 28369 | J92: 65 | K92: 7076.05 | L92: =IFERROR(J92/I92,"-") -> 0.0022912334 | M92: =IFERROR(K92/I92,"-") -> 0.24942895 | N92: =IFERROR(H92/I92*1000,"-") -> 172.17315 | O92: 3 | P92: =IFERROR(H92/O92,"-") -> 1628.1267 | Q92: Yes | R92: 46168 | S92: =IF(Q92="Yes",R92-B92,"") -> 7 | T92: TOF CBO _Mumbai_CNV_060326 | U92: 325387.68 | V92: 3490300 | W92: 14615 | X92: 819920.32 | Y92: =IF(Q92="Yes",IFERROR(W92/V92,"-"),"") -> 0.0041873191 | Z92: =IF(Q92="Yes",IFERROR(X92/V92,"-"),"") -> 0.234914 | AA92: 38
A93: TOF_Test_Unique Settings_19052026 | B93: 46161 | C93: =TEXT(B93,"yyyy-mm") -> 2026-05 | D93: Testing _Mumbai_ABO_ Campaign | E93: Test_1_TOF_060326 | F93: 46167 | G93: =Summary!$C$5-B93 -> 159 | H93: 1416.12 | I93: 3867 | J93: 10 | K93: 366 | L93: =IFERROR(J93/I93,"-") -> 0.002585984 | M93: =IFERROR(K93/I93,"-") -> 0.094647013 | N93: =IFERROR(H93/I93*1000,"-") -> 366.20636 | O93: 0 | P93: =IFERROR(H93/O93,"-") -> - | Q93: No | S93: =IF(Q93="Yes",R93-B93,"") | U93: 0 | V93: 0 | W93: 0 | X93: 0 | Y93: =IF(Q93="Yes",IFERROR(W93/V93,"-"),"") | Z93: =IF(Q93="Yes",IFERROR(X93/V93,"-"),"") | AA93: 0
A94: Test_TOF_#1_B - Why aren't you Build your Own Ring | B94: 46161 | C94: =TEXT(B94,"yyyy-mm") -> 2026-05 | D94: Testing _Mumbai_ABO_ Campaign | E94: Test_1_TOF_060326 | F94: 46168 | G94: =Summary!$C$5-B94 -> 159 | H94: 4143.66 | I94: 20733 | J94: 39 | K94: 4007.99 | L94: =IFERROR(J94/I94,"-") -> 0.0018810592 | M94: =IFERROR(K94/I94,"-") -> 0.19331452 | N94: =IFERROR(H94/I94*1000,"-") -> 199.8582 | O94: 2 | P94: =IFERROR(H94/O94,"-") -> 2071.83 | Q94: Yes | R94: 46168 | S94: =IF(Q94="Yes",R94-B94,"") -> 7 | T94: TOF CBO _Mumbai_CNV_060326 | U94: 43598.68 | V94: 309817 | W94: 1147 | X94: 60966.97 | Y94: =IF(Q94="Yes",IFERROR(W94/V94,"-"),"") -> 0.0037021855 | Z94: =IF(Q94="Yes",IFERROR(X94/V94,"-"),"") -> 0.19678381 | AA94: 4
A95: Test_TOF_#2_B - Why aren't you Build your Own Ring | B95: 46161 | C95: =TEXT(B95,"yyyy-mm") -> 2026-05 | D95: Testing _Mumbai_ABO_ Campaign | E95: Test_1_TOF_060326 | F95: 46167 | G95: =Summary!$C$5-B95 -> 159 | H95: 2936.21 | I95: 13408 | J95: 23 | K95: 3172 | L95: =IFERROR(J95/I95,"-") -> 0.0017153938 | M95: =IFERROR(K95/I95,"-") -> 0.23657518 | N95: =IFERROR(H95/I95*1000,"-") -> 218.98941 | O95: 0 | P95: =IFERROR(H95/O95,"-") -> - | Q95: No | S95: =IF(Q95="Yes",R95-B95,"") | U95: 0 | V95: 0 | W95: 0 | X95: 0 | Y95: =IF(Q95="Yes",IFERROR(W95/V95,"-"),"") | Z95: =IF(Q95="Yes",IFERROR(X95/V95,"-"),"") | AA95: 0
A96: TOF_Test_BR_D2_V2_200526 | B96: 46162 | C96: =TEXT(B96,"yyyy-mm") -> 2026-05 | D96: Testing _Mumbai_ABO_ Campaign | E96: Test_1_TOF_060326 | F96: 46168 | G96: =Summary!$C$5-B96 -> 158 | H96: 21595.85 | I96: 93717 | J96: 274 | K96: 18809.76 | L96: =IFERROR(J96/I96,"-") -> 0.0029236958 | M96: =IFERROR(K96/I96,"-") -> 0.20070809 | N96: =IFERROR(H96/I96*1000,"-") -> 230.43685 | O96: 2 | P96: =IFERROR(H96/O96,"-") -> 10797.925 | Q96: Yes | R96: 46168 | S96: =IF(Q96="Yes",R96-B96,"") -> 6 | T96: TOF CBO _Mumbai_CNV_060326 | U96: 36520.86 | V96: 377613 | W96: 2349 | X96: 69722.69 | Y96: =IF(Q96="Yes",IFERROR(W96/V96,"-"),"") -> 0.0062206545 | Z96: =IF(Q96="Yes",IFERROR(X96/V96,"-"),"") -> 0.1846406 | AA96: 2
A97: TOF_Test_BR_D2_V4_200526 | B97: 46162 | C97: =TEXT(B97,"yyyy-mm") -> 2026-05 | D97: Testing _Mumbai_ABO_ Campaign | E97: Test_1_TOF_060326 | F97: 46167 | G97: =Summary!$C$5-B97 -> 158 | H97: 2153.42 | I97: 4265 | J97: 13 | K97: 477 | L97: =IFERROR(J97/I97,"-") -> 0.0030480657 | M97: =IFERROR(K97/I97,"-") -> 0.11184056 | N97: =IFERROR(H97/I97*1000,"-") -> 504.90504 | O97: 0 | P97: =IFERROR(H97/O97,"-") -> - | Q97: No | S97: =IF(Q97="Yes",R97-B97,"") | U97: 0 | V97: 0 | W97: 0 | X97: 0 | Y97: =IF(Q97="Yes",IFERROR(W97/V97,"-"),"") | Z97: =IF(Q97="Yes",IFERROR(X97/V97,"-"),"") | AA97: 0
A98: Test_BR_D2_V9_19052026 | B98: 46162 | C98: =TEXT(B98,"yyyy-mm") -> 2026-05 | D98: Testing _Mumbai_ABO_ Campaign | E98: Test_2_MOF_060326 | F98: 46167 | G98: =Summary!$C$5-B98 -> 158 | H98: 27943.31 | I98: 64020 | J98: 297 | K98: 6897.91 | L98: =IFERROR(J98/I98,"-") -> 0.0046391753 | M98: =IFERROR(K98/I98,"-") -> 0.10774617 | N98: =IFERROR(H98/I98*1000,"-") -> 436.47782 | O98: 9 | P98: =IFERROR(H98/O98,"-") -> 3104.8122 | Q98: No | S98: =IF(Q98="Yes",R98-B98,"") | U98: 0 | V98: 0 | W98: 0 | X98: 0 | Y98: =IF(Q98="Yes",IFERROR(W98/V98,"-"),"") | Z98: =IF(Q98="Yes",IFERROR(X98/V98,"-"),"") | AA98: 0
A99: TOF_Test_BR_D2_V7_250526 | B99: 46168 | C99: =TEXT(B99,"yyyy-mm") -> 2026-05 | D99: Testing _Mumbai_ABO_ Campaign | E99: Test_1_TOF_060326 | F99: 46174 | G99: =Summary!$C$5-B99 -> 152 | H99: 1315.24 | I99: 3991 | J99: 6 | K99: 465.96 | L99: =IFERROR(J99/I99,"-") -> 0.0015033826 | M99: =IFERROR(K99/I99,"-") -> 0.11675269 | N99: =IFERROR(H99/I99*1000,"-") -> 329.55149 | O99: 0 | P99: =IFERROR(H99/O99,"-") -> - | Q99: No | S99: =IF(Q99="Yes",R99-B99,"") | U99: 0 | V99: 0 | W99: 0 | X99: 0 | Y99: =IF(Q99="Yes",IFERROR(W99/V99,"-"),"") | Z99: =IF(Q99="Yes",IFERROR(X99/V99,"-"),"") | AA99: 0
A100: TOF_Test_BR_D2_v3_250526 | B100: 46168 | C100: =TEXT(B100,"yyyy-mm") -> 2026-05 | D100: Testing _Mumbai_ABO_ Campaign | E100: Test_1_TOF_060326 | F100: 46174 | G100: =Summary!$C$5-B100 -> 152 | H100: 3595.3 | I100: 18671 | J100: 38 | K100: 2406.19 | L100: =IFERROR(J100/I100,"-") -> 0.0020352418 | M100: =IFERROR(K100/I100,"-") -> 0.12887312 | N100: =IFERROR(H100/I100*1000,"-") -> 192.56066 | O100: 2 | P100: =IFERROR(H100/O100,"-") -> 1797.65 | Q100: No | S100: =IF(Q100="Yes",R100-B100,"") | U100: 0 | V100: 0 | W100: 0 | X100: 0 | Y100: =IF(Q100="Yes",IFERROR(W100/V100,"-"),"") | Z100: =IF(Q100="Yes",IFERROR(X100/V100,"-"),"") | AA100: 0
...
